Protein Name,Peptide Modified Sequence,File Name,Isotope Dot Product,Total Area MS1
qc|PRTC|PRTC_Thermo,SSAAPPPPPR,PRM_2014_12_1.raw,0.8588,1406545536
qc|PRTC|PRTC_Thermo,SSAAPPPPPR,PRM_2014_12_2.raw,0.8635,1504722688
qc|PRTC|PRTC_Thermo,SSAAPPPPPR,PRM_2014_12_3.raw,0.8582,1724111872
qc|PRTC|PRTC_Thermo,SSAAPPPPPR,PRM_2014_12_4.raw,0.8098,1567184128
qc|PRTC|PRTC_Thermo,SSAAPPPPPR,PRM_2014_12_5.raw,0.8619,1389411200
qc|PRTC|PRTC_Thermo,SSAAPPPPPR,PRM_2014_12_6.raw,0.8493,1544772992
qc|PRTC|PRTC_Thermo,SSAAPPPPPR,PRM_2014_12_7.raw,0.8255,1418148480
qc|PRTC|PRTC_Thermo,SSAAPPPPPR,PRM_2014_12_8.raw,0.8064,1158194688
qc|PRTC|PRTC_Thermo,SSAAPPPPPR,PRM_2014_12_9.raw,0.8087,1182958592
qc|PRTC|PRTC_Thermo,SSAAPPPPPR,PRM_2014_12_10.raw,0.8239,1070042496
qc|PRTC|PRTC_Thermo,SSAAPPPPPR,PRM_2015_4_1.raw,0.9894,2855041280
qc|PRTC|PRTC_Thermo,SSAAPPPPPR,PRM_2015_4_2.raw,0.9542,2562577664
qc|PRTC|PRTC_Thermo,SSAAPPPPPR,PRM_2015_4_3.raw,0.9666,2390127616
qc|PRTC|PRTC_Thermo,SSAAPPPPPR,PRM_2015_4_4.raw,0.981,2472877312
qc|PRTC|PRTC_Thermo,SSAAPPPPPR,PRM_2015_4_5.raw,0.9681,2324688384
qc|PRTC|PRTC_Thermo,SSAAPPPPPR,PRM_2015_4_6.raw,0.9705,2214958848
qc|PRTC|PRTC_Thermo,SSAAPPPPPR,PRM_2015_4_7.raw,0.9635,1878805376
qc|PRTC|PRTC_Thermo,SSAAPPPPPR,PRM_2015_4_8.raw,0.9771,1882586496
qc|PRTC|PRTC_Thermo,SSAAPPPPPR,PRM_2015_4_9.raw,0.9629,1878013824
qc|PRTC|PRTC_Thermo,SSAAPPPPPR,PRM_2015_4_10.raw,0.9912,136701536
qc|PRTC|PRTC_Thermo,SSAAPPPPPR,PRM_2015_4_11.raw,0.9917,167664208
qc|PRTC|PRTC_Thermo,SSAAPPPPPR,PRM_2015_4_12.raw,0.9922,1979607552
qc|PRTC|PRTC_Thermo,SSAAPPPPPR,PRM_2016_2_1.raw,0.9913,4138147840
qc|PRTC|PRTC_Thermo,SSAAPPPPPR,PRM_2016_2_2.raw,0.9916,3624535808
qc|PRTC|PRTC_Thermo,SSAAPPPPPR,PRM_2016_2_3.raw,0.9904,3761871616
qc|PRTC|PRTC_Thermo,SSAAPPPPPR,PRM_2016_2_4.raw,0.9908,3739302400
qc|PRTC|PRTC_Thermo,SSAAPPPPPR,PRM_2016_2_5.raw,0.99,3754347008
qc|PRTC|PRTC_Thermo,SSAAPPPPPR,PRM_2016_2_6.raw,0.9914,4195598592
qc|PRTC|PRTC_Thermo,SSAAPPPPPR,PRM_2016_2_7.raw,0.9909,4215181824
qc|PRTC|PRTC_Thermo,SSAAPPPPPR,PRM_2016_2_8.raw,0.9928,4653285888
qc|PRTC|PRTC_Thermo,SSAAPPPPPR,PRM_2016_2_9.raw,0.9926,4570735104
qc|PRTC|PRTC_Thermo,SSAAPPPPPR,PRM_2016_2_10.raw,0.9919,4439003136
qc|PRTC|PRTC_Thermo,SSAAPPPPPR,PRM_2016_3_1.raw,0.9895,4035115008
qc|PRTC|PRTC_Thermo,SSAAPPPPPR,PRM_2016_3_2.raw,0.99,3872443136
qc|PRTC|PRTC_Thermo,SSAAPPPPPR,PRM_2016_3_3.raw,0.9896,4310227456
qc|PRTC|PRTC_Thermo,SSAAPPPPPR,PRM_2016_3_4.raw,0.9906,3783346432
qc|PRTC|PRTC_Thermo,SSAAPPPPPR,PRM_2016_3_5.raw,0.9893,3527476480
qc|PRTC|PRTC_Thermo,GISNEGQNASIK,PRM_2014_12_1.raw,0.7844,1359517440
qc|PRTC|PRTC_Thermo,GISNEGQNASIK,PRM_2014_12_2.raw,0.7919,1413595520
qc|PRTC|PRTC_Thermo,GISNEGQNASIK,PRM_2014_12_3.raw,0.8119,1694703744
qc|PRTC|PRTC_Thermo,GISNEGQNASIK,PRM_2014_12_4.raw,0.8207,1641326336
qc|PRTC|PRTC_Thermo,GISNEGQNASIK,PRM_2014_12_5.raw,0.8289,1509005568
qc|PRTC|PRTC_Thermo,GISNEGQNASIK,PRM_2014_12_6.raw,0.7874,1561539712
qc|PRTC|PRTC_Thermo,GISNEGQNASIK,PRM_2014_12_7.raw,0.6857,1093360000
qc|PRTC|PRTC_Thermo,GISNEGQNASIK,PRM_2014_12_8.raw,0.816,1554985728
qc|PRTC|PRTC_Thermo,GISNEGQNASIK,PRM_2014_12_9.raw,0.815,1351104768
qc|PRTC|PRTC_Thermo,GISNEGQNASIK,PRM_2014_12_10.raw,0.8143,1217302784
qc|PRTC|PRTC_Thermo,GISNEGQNASIK,PRM_2015_4_1.raw,0.7627,2293085440
qc|PRTC|PRTC_Thermo,GISNEGQNASIK,PRM_2015_4_2.raw,0.7352,2287849728
qc|PRTC|PRTC_Thermo,GISNEGQNASIK,PRM_2015_4_3.raw,0.765,2128482048
qc|PRTC|PRTC_Thermo,GISNEGQNASIK,PRM_2015_4_4.raw,0.7791,2092902528
qc|PRTC|PRTC_Thermo,GISNEGQNASIK,PRM_2015_4_5.raw,0.7701,2013232128
qc|PRTC|PRTC_Thermo,GISNEGQNASIK,PRM_2015_4_6.raw,0.7648,1994590592
qc|PRTC|PRTC_Thermo,GISNEGQNASIK,PRM_2015_4_7.raw,0.7875,1416756480
qc|PRTC|PRTC_Thermo,GISNEGQNASIK,PRM_2015_4_8.raw,0.7953,1127661568
qc|PRTC|PRTC_Thermo,GISNEGQNASIK,PRM_2015_4_9.raw,0.7602,1375580288
qc|PRTC|PRTC_Thermo,GISNEGQNASIK,PRM_2015_4_10.raw,0.9948,236558224
qc|PRTC|PRTC_Thermo,GISNEGQNASIK,PRM_2015_4_11.raw,0.9937,251897248
qc|PRTC|PRTC_Thermo,GISNEGQNASIK,PRM_2015_4_12.raw,0.8361,1668373760
qc|PRTC|PRTC_Thermo,GISNEGQNASIK,PRM_2016_2_1.raw,0.826,3309359104
qc|PRTC|PRTC_Thermo,GISNEGQNASIK,PRM_2016_2_2.raw,0.849,3613230592
qc|PRTC|PRTC_Thermo,GISNEGQNASIK,PRM_2016_2_3.raw,0.7464,3023400960
qc|PRTC|PRTC_Thermo,GISNEGQNASIK,PRM_2016_2_4.raw,0.779,3243830272
qc|PRTC|PRTC_Thermo,GISNEGQNASIK,PRM_2016_2_5.raw,0.7565,3252433408
qc|PRTC|PRTC_Thermo,GISNEGQNASIK,PRM_2016_2_6.raw,0.7158,3377586432
qc|PRTC|PRTC_Thermo,GISNEGQNASIK,PRM_2016_2_7.raw,0.748,3791011840
qc|PRTC|PRTC_Thermo,GISNEGQNASIK,PRM_2016_2_8.raw,0.9828,6196317696
qc|PRTC|PRTC_Thermo,GISNEGQNASIK,PRM_2016_2_9.raw,0.9561,6071984128
qc|PRTC|PRTC_Thermo,GISNEGQNASIK,PRM_2016_2_10.raw,0.9056,5691227136
qc|PRTC|PRTC_Thermo,GISNEGQNASIK,PRM_2016_3_1.raw,0.9211,4566373376
qc|PRTC|PRTC_Thermo,GISNEGQNASIK,PRM_2016_3_2.raw,0.9627,4611016704
qc|PRTC|PRTC_Thermo,GISNEGQNASIK,PRM_2016_3_3.raw,0.8541,3844179968
qc|PRTC|PRTC_Thermo,GISNEGQNASIK,PRM_2016_3_4.raw,0.9338,4082711040
qc|PRTC|PRTC_Thermo,GISNEGQNASIK,PRM_2016_3_5.raw,0.9035,4113609216
qc|PRTC|PRTC_Thermo,HVLTSIGEK,PRM_2014_12_1.raw,0.9061,1866386304
qc|PRTC|PRTC_Thermo,HVLTSIGEK,PRM_2014_12_2.raw,0.901,2028373888
qc|PRTC|PRTC_Thermo,HVLTSIGEK,PRM_2014_12_3.raw,0.8774,1859602176
qc|PRTC|PRTC_Thermo,HVLTSIGEK,PRM_2014_12_4.raw,0.9133,1978232576
qc|PRTC|PRTC_Thermo,HVLTSIGEK,PRM_2014_12_5.raw,0.8937,2257568256
qc|PRTC|PRTC_Thermo,HVLTSIGEK,PRM_2014_12_6.raw,0.8861,2055837568
qc|PRTC|PRTC_Thermo,HVLTSIGEK,PRM_2014_12_7.raw,0.8585,1988197632
qc|PRTC|PRTC_Thermo,HVLTSIGEK,PRM_2014_12_8.raw,0.8641,1416125568
qc|PRTC|PRTC_Thermo,HVLTSIGEK,PRM_2014_12_9.raw,0.8221,1942279552
qc|PRTC|PRTC_Thermo,HVLTSIGEK,PRM_2014_12_10.raw,0.8709,2155445248
qc|PRTC|PRTC_Thermo,HVLTSIGEK,PRM_2015_4_1.raw,0.908,2400110080
qc|PRTC|PRTC_Thermo,HVLTSIGEK,PRM_2015_4_2.raw,0.8863,2252133120
qc|PRTC|PRTC_Thermo,HVLTSIGEK,PRM_2015_4_3.raw,0.903,2040843008
qc|PRTC|PRTC_Thermo,HVLTSIGEK,PRM_2015_4_4.raw,0.8963,2076854784
qc|PRTC|PRTC_Thermo,HVLTSIGEK,PRM_2015_4_5.raw,0.8947,1888531584
qc|PRTC|PRTC_Thermo,HVLTSIGEK,PRM_2015_4_6.raw,0.9044,2002187648
qc|PRTC|PRTC_Thermo,HVLTSIGEK,PRM_2015_4_7.raw,0.9152,1828841216
qc|PRTC|PRTC_Thermo,HVLTSIGEK,PRM_2015_4_8.raw,0.9075,1780080384
qc|PRTC|PRTC_Thermo,HVLTSIGEK,PRM_2015_4_9.raw,0.9215,1705136896
qc|PRTC|PRTC_Thermo,HVLTSIGEK,PRM_2015_4_10.raw,0.9943,282397600
qc|PRTC|PRTC_Thermo,HVLTSIGEK,PRM_2015_4_11.raw,0.9946,244558208
qc|PRTC|PRTC_Thermo,HVLTSIGEK,PRM_2015_4_12.raw,0.9878,2177937920
qc|PRTC|PRTC_Thermo,HVLTSIGEK,PRM_2016_2_1.raw,0.9565,4274974464
qc|PRTC|PRTC_Thermo,HVLTSIGEK,PRM_2016_2_2.raw,0.9824,4574323200
qc|PRTC|PRTC_Thermo,HVLTSIGEK,PRM_2016_2_3.raw,0.9541,4330976256
qc|PRTC|PRTC_Thermo,HVLTSIGEK,PRM_2016_2_4.raw,0.9567,4392862208
qc|PRTC|PRTC_Thermo,HVLTSIGEK,PRM_2016_2_5.raw,0.981,4599480832
qc|PRTC|PRTC_Thermo,HVLTSIGEK,PRM_2016_2_6.raw,0.8187,3734694144
qc|PRTC|PRTC_Thermo,HVLTSIGEK,PRM_2016_2_7.raw,0.9041,4795342848
qc|PRTC|PRTC_Thermo,HVLTSIGEK,PRM_2016_2_8.raw,0.9886,5804869120
qc|PRTC|PRTC_Thermo,HVLTSIGEK,PRM_2016_2_9.raw,0.9885,5681952768
qc|PRTC|PRTC_Thermo,HVLTSIGEK,PRM_2016_2_10.raw,0.9888,5559672832
qc|PRTC|PRTC_Thermo,HVLTSIGEK,PRM_2016_3_1.raw,0.9911,4994480640
qc|PRTC|PRTC_Thermo,HVLTSIGEK,PRM_2016_3_2.raw,0.9917,4717165568
qc|PRTC|PRTC_Thermo,HVLTSIGEK,PRM_2016_3_3.raw,0.9898,4624890368
qc|PRTC|PRTC_Thermo,HVLTSIGEK,PRM_2016_3_4.raw,0.9913,4412782080
qc|PRTC|PRTC_Thermo,HVLTSIGEK,PRM_2016_3_5.raw,0.9914,4508470784
qc|PRTC|PRTC_Thermo,DIPVPKPK,PRM_2014_12_1.raw,0.9745,1108727296
qc|PRTC|PRTC_Thermo,DIPVPKPK,PRM_2014_12_2.raw,0.9779,1015049216
qc|PRTC|PRTC_Thermo,DIPVPKPK,PRM_2014_12_3.raw,0.9835,1185406080
qc|PRTC|PRTC_Thermo,DIPVPKPK,PRM_2014_12_4.raw,0.9749,1201349760
qc|PRTC|PRTC_Thermo,DIPVPKPK,PRM_2014_12_5.raw,0.9762,998517376
qc|PRTC|PRTC_Thermo,DIPVPKPK,PRM_2014_12_6.raw,0.9631,1360740608
qc|PRTC|PRTC_Thermo,DIPVPKPK,PRM_2014_12_7.raw,0.949,869692352
qc|PRTC|PRTC_Thermo,DIPVPKPK,PRM_2014_12_8.raw,0.9661,815837312
qc|PRTC|PRTC_Thermo,DIPVPKPK,PRM_2014_12_9.raw,0.9381,815275264
qc|PRTC|PRTC_Thermo,DIPVPKPK,PRM_2014_12_10.raw,0.9526,963031552
qc|PRTC|PRTC_Thermo,DIPVPKPK,PRM_2015_4_1.raw,0.9934,813918400
qc|PRTC|PRTC_Thermo,DIPVPKPK,PRM_2015_4_2.raw,0.9925,791580992
qc|PRTC|PRTC_Thermo,DIPVPKPK,PRM_2015_4_3.raw,0.9927,677758912
qc|PRTC|PRTC_Thermo,DIPVPKPK,PRM_2015_4_4.raw,0.994,667787904
qc|PRTC|PRTC_Thermo,DIPVPKPK,PRM_2015_4_5.raw,0.9931,594455936
qc|PRTC|PRTC_Thermo,DIPVPKPK,PRM_2015_4_6.raw,0.9934,656469888
qc|PRTC|PRTC_Thermo,DIPVPKPK,PRM_2015_4_7.raw,0.9951,603978688
qc|PRTC|PRTC_Thermo,DIPVPKPK,PRM_2015_4_8.raw,0.9921,563118272
qc|PRTC|PRTC_Thermo,DIPVPKPK,PRM_2015_4_9.raw,0.9945,572327104
qc|PRTC|PRTC_Thermo,DIPVPKPK,PRM_2015_4_10.raw,0.9837,51317896
qc|PRTC|PRTC_Thermo,DIPVPKPK,PRM_2015_4_11.raw,0.9885,45926216
qc|PRTC|PRTC_Thermo,DIPVPKPK,PRM_2015_4_12.raw,0.9938,482818112
qc|PRTC|PRTC_Thermo,DIPVPKPK,PRM_2016_2_1.raw,0.9944,1443545344
qc|PRTC|PRTC_Thermo,DIPVPKPK,PRM_2016_2_2.raw,0.9947,1520705792
qc|PRTC|PRTC_Thermo,DIPVPKPK,PRM_2016_2_3.raw,0.9941,1456843392
qc|PRTC|PRTC_Thermo,DIPVPKPK,PRM_2016_2_4.raw,0.9948,1417912448
qc|PRTC|PRTC_Thermo,DIPVPKPK,PRM_2016_2_5.raw,0.9943,1521139968
qc|PRTC|PRTC_Thermo,DIPVPKPK,PRM_2016_2_6.raw,0.9938,1551382656
qc|PRTC|PRTC_Thermo,DIPVPKPK,PRM_2016_2_7.raw,0.9964,2020265088
qc|PRTC|PRTC_Thermo,DIPVPKPK,PRM_2016_2_8.raw,0.9918,1823958656
qc|PRTC|PRTC_Thermo,DIPVPKPK,PRM_2016_2_9.raw,0.9918,1834472704
qc|PRTC|PRTC_Thermo,DIPVPKPK,PRM_2016_2_10.raw,0.9943,1732111104
qc|PRTC|PRTC_Thermo,DIPVPKPK,PRM_2016_3_1.raw,0.9932,2228320768
qc|PRTC|PRTC_Thermo,DIPVPKPK,PRM_2016_3_2.raw,0.9895,1898804864
qc|PRTC|PRTC_Thermo,DIPVPKPK,PRM_2016_3_3.raw,0.9884,1670498688
qc|PRTC|PRTC_Thermo,DIPVPKPK,PRM_2016_3_4.raw,0.9859,1583311616
qc|PRTC|PRTC_Thermo,DIPVPKPK,PRM_2016_3_5.raw,0.9891,1514715776
qc|PRTC|PRTC_Thermo,IGDYAGIK,PRM_2014_12_1.raw,0.9507,1600393472
qc|PRTC|PRTC_Thermo,IGDYAGIK,PRM_2014_12_2.raw,0.9497,1659423360
qc|PRTC|PRTC_Thermo,IGDYAGIK,PRM_2014_12_3.raw,0.9924,1566359040
qc|PRTC|PRTC_Thermo,IGDYAGIK,PRM_2014_12_4.raw,0.9599,1612257920
qc|PRTC|PRTC_Thermo,IGDYAGIK,PRM_2014_12_5.raw,0.9807,1428469376
qc|PRTC|PRTC_Thermo,IGDYAGIK,PRM_2014_12_6.raw,0.9599,1389220608
qc|PRTC|PRTC_Thermo,IGDYAGIK,PRM_2014_12_7.raw,0.9896,1480300416
qc|PRTC|PRTC_Thermo,IGDYAGIK,PRM_2014_12_8.raw,0.9386,1294114048
qc|PRTC|PRTC_Thermo,IGDYAGIK,PRM_2014_12_9.raw,0.9608,1225468160
qc|PRTC|PRTC_Thermo,IGDYAGIK,PRM_2014_12_10.raw,0.9683,1312724352
qc|PRTC|PRTC_Thermo,IGDYAGIK,PRM_2015_4_1.raw,0.9275,1980011904
qc|PRTC|PRTC_Thermo,IGDYAGIK,PRM_2015_4_2.raw,0.8758,1678411008
qc|PRTC|PRTC_Thermo,IGDYAGIK,PRM_2015_4_3.raw,0.9271,1545066112
qc|PRTC|PRTC_Thermo,IGDYAGIK,PRM_2015_4_4.raw,0.9378,1501117824
qc|PRTC|PRTC_Thermo,IGDYAGIK,PRM_2015_4_5.raw,0.9129,1365223168
qc|PRTC|PRTC_Thermo,IGDYAGIK,PRM_2015_4_6.raw,0.9105,1301526528
qc|PRTC|PRTC_Thermo,IGDYAGIK,PRM_2015_4_7.raw,0.862,995953280
qc|PRTC|PRTC_Thermo,IGDYAGIK,PRM_2015_4_8.raw,0.8983,1097537408
qc|PRTC|PRTC_Thermo,IGDYAGIK,PRM_2015_4_9.raw,0.8879,947873472
qc|PRTC|PRTC_Thermo,IGDYAGIK,PRM_2015_4_10.raw,0.9932,191956448
qc|PRTC|PRTC_Thermo,IGDYAGIK,PRM_2015_4_11.raw,0.9883,128677632
qc|PRTC|PRTC_Thermo,IGDYAGIK,PRM_2015_4_12.raw,0.993,850625472
qc|PRTC|PRTC_Thermo,IGDYAGIK,PRM_2016_2_1.raw,0.9934,3164052992
qc|PRTC|PRTC_Thermo,IGDYAGIK,PRM_2016_2_2.raw,0.9913,3169595136
qc|PRTC|PRTC_Thermo,IGDYAGIK,PRM_2016_2_3.raw,0.9923,3053604096
qc|PRTC|PRTC_Thermo,IGDYAGIK,PRM_2016_2_4.raw,0.9927,2964963328
qc|PRTC|PRTC_Thermo,IGDYAGIK,PRM_2016_2_5.raw,0.995,2895384576
qc|PRTC|PRTC_Thermo,IGDYAGIK,PRM_2016_2_6.raw,0.9939,2434421760
qc|PRTC|PRTC_Thermo,IGDYAGIK,PRM_2016_2_7.raw,0.9947,2653315840
qc|PRTC|PRTC_Thermo,IGDYAGIK,PRM_2016_2_8.raw,0.9928,3076335360
qc|PRTC|PRTC_Thermo,IGDYAGIK,PRM_2016_2_9.raw,0.9902,3026386432
qc|PRTC|PRTC_Thermo,IGDYAGIK,PRM_2016_2_10.raw,0.9911,2645796096
qc|PRTC|PRTC_Thermo,IGDYAGIK,PRM_2016_3_1.raw,0.9913,3434886656
qc|PRTC|PRTC_Thermo,IGDYAGIK,PRM_2016_3_2.raw,0.9913,3018424576
qc|PRTC|PRTC_Thermo,IGDYAGIK,PRM_2016_3_3.raw,0.9906,3316458496
qc|PRTC|PRTC_Thermo,IGDYAGIK,PRM_2016_3_4.raw,0.9923,3185923328
qc|PRTC|PRTC_Thermo,IGDYAGIK,PRM_2016_3_5.raw,0.9911,3253267968
qc|PRTC|PRTC_Thermo,TASEFDSAIAQDK,PRM_2014_12_1.raw,0.877,1533431936
qc|PRTC|PRTC_Thermo,TASEFDSAIAQDK,PRM_2014_12_2.raw,0.8494,1526126592
qc|PRTC|PRTC_Thermo,TASEFDSAIAQDK,PRM_2014_12_3.raw,0.8795,854153152
qc|PRTC|PRTC_Thermo,TASEFDSAIAQDK,PRM_2014_12_4.raw,0.871,853929600
qc|PRTC|PRTC_Thermo,TASEFDSAIAQDK,PRM_2014_12_5.raw,0.819,655264896
qc|PRTC|PRTC_Thermo,TASEFDSAIAQDK,PRM_2014_12_6.raw,0.9481,820312960
qc|PRTC|PRTC_Thermo,TASEFDSAIAQDK,PRM_2014_12_7.raw,0.8317,692643456
qc|PRTC|PRTC_Thermo,TASEFDSAIAQDK,PRM_2014_12_8.raw,0.9617,1272706176
qc|PRTC|PRTC_Thermo,TASEFDSAIAQDK,PRM_2014_12_9.raw,0.8343,596122496
qc|PRTC|PRTC_Thermo,TASEFDSAIAQDK,PRM_2014_12_10.raw,0.8615,738169088
qc|PRTC|PRTC_Thermo,TASEFDSAIAQDK,PRM_2015_4_1.raw,0.8406,2883206912
qc|PRTC|PRTC_Thermo,TASEFDSAIAQDK,PRM_2015_4_2.raw,0.8129,2802421248
qc|PRTC|PRTC_Thermo,TASEFDSAIAQDK,PRM_2015_4_3.raw,0.834,2486147840
qc|PRTC|PRTC_Thermo,TASEFDSAIAQDK,PRM_2015_4_4.raw,0.812,2357165568
qc|PRTC|PRTC_Thermo,TASEFDSAIAQDK,PRM_2015_4_5.raw,0.8275,2463815936
qc|PRTC|PRTC_Thermo,TASEFDSAIAQDK,PRM_2015_4_6.raw,0.8041,2095392256
qc|PRTC|PRTC_Thermo,TASEFDSAIAQDK,PRM_2015_4_7.raw,0.92,998286400
qc|PRTC|PRTC_Thermo,TASEFDSAIAQDK,PRM_2015_4_8.raw,0.9027,1157415296
qc|PRTC|PRTC_Thermo,TASEFDSAIAQDK,PRM_2015_4_9.raw,0.8826,1222589184
qc|PRTC|PRTC_Thermo,TASEFDSAIAQDK,PRM_2015_4_10.raw,0.9445,449081184
qc|PRTC|PRTC_Thermo,TASEFDSAIAQDK,PRM_2015_4_11.raw,0.9927,299100992
qc|PRTC|PRTC_Thermo,TASEFDSAIAQDK,PRM_2015_4_12.raw,0.9744,2270369792
qc|PRTC|PRTC_Thermo,TASEFDSAIAQDK,PRM_2016_2_1.raw,0.9894,4500946944
qc|PRTC|PRTC_Thermo,TASEFDSAIAQDK,PRM_2016_2_2.raw,0.9876,4716577280
qc|PRTC|PRTC_Thermo,TASEFDSAIAQDK,PRM_2016_2_3.raw,0.988,4565642240
qc|PRTC|PRTC_Thermo,TASEFDSAIAQDK,PRM_2016_2_4.raw,0.9887,4534908416
qc|PRTC|PRTC_Thermo,TASEFDSAIAQDK,PRM_2016_2_5.raw,0.9885,4678305792
qc|PRTC|PRTC_Thermo,TASEFDSAIAQDK,PRM_2016_2_6.raw,0.9911,4720168448
qc|PRTC|PRTC_Thermo,TASEFDSAIAQDK,PRM_2016_2_7.raw,0.9887,5130827776
qc|PRTC|PRTC_Thermo,TASEFDSAIAQDK,PRM_2016_2_8.raw,0.9916,5714949632
qc|PRTC|PRTC_Thermo,TASEFDSAIAQDK,PRM_2016_2_9.raw,0.9923,5997425152
qc|PRTC|PRTC_Thermo,TASEFDSAIAQDK,PRM_2016_2_10.raw,0.9949,5335718912
qc|PRTC|PRTC_Thermo,TASEFDSAIAQDK,PRM_2016_3_1.raw,0.9888,4435561472
qc|PRTC|PRTC_Thermo,TASEFDSAIAQDK,PRM_2016_3_2.raw,0.9894,4278279424
qc|PRTC|PRTC_Thermo,TASEFDSAIAQDK,PRM_2016_3_3.raw,0.9896,4220455424
qc|PRTC|PRTC_Thermo,TASEFDSAIAQDK,PRM_2016_3_4.raw,0.9903,4423400960
qc|PRTC|PRTC_Thermo,TASEFDSAIAQDK,PRM_2016_3_5.raw,0.9897,4172471040
qc|PRTC|PRTC_Thermo,SAAGAFGPELSR,PRM_2014_12_1.raw,0.9028,2440333312
qc|PRTC|PRTC_Thermo,SAAGAFGPELSR,PRM_2014_12_2.raw,0.8883,3163668480
qc|PRTC|PRTC_Thermo,SAAGAFGPELSR,PRM_2014_12_3.raw,0.8897,2180866560
qc|PRTC|PRTC_Thermo,SAAGAFGPELSR,PRM_2014_12_4.raw,0.8884,2222375424
qc|PRTC|PRTC_Thermo,SAAGAFGPELSR,PRM_2014_12_5.raw,0.8432,1422484736
qc|PRTC|PRTC_Thermo,SAAGAFGPELSR,PRM_2014_12_6.raw,0.8995,1450320128
qc|PRTC|PRTC_Thermo,SAAGAFGPELSR,PRM_2014_12_7.raw,0.8772,1375796480
qc|PRTC|PRTC_Thermo,SAAGAFGPELSR,PRM_2014_12_8.raw,0.8873,1220838784
qc|PRTC|PRTC_Thermo,SAAGAFGPELSR,PRM_2014_12_9.raw,0.8631,1339894784
qc|PRTC|PRTC_Thermo,SAAGAFGPELSR,PRM_2014_12_10.raw,0.8801,1008680256
qc|PRTC|PRTC_Thermo,SAAGAFGPELSR,PRM_2015_4_1.raw,0.9001,3018838528
qc|PRTC|PRTC_Thermo,SAAGAFGPELSR,PRM_2015_4_2.raw,0.8556,2650423296
qc|PRTC|PRTC_Thermo,SAAGAFGPELSR,PRM_2015_4_3.raw,0.882,2557787392
qc|PRTC|PRTC_Thermo,SAAGAFGPELSR,PRM_2015_4_4.raw,0.881,2564122112
qc|PRTC|PRTC_Thermo,SAAGAFGPELSR,PRM_2015_4_5.raw,0.8853,2647511808
qc|PRTC|PRTC_Thermo,SAAGAFGPELSR,PRM_2015_4_6.raw,0.8669,2386062848
qc|PRTC|PRTC_Thermo,SAAGAFGPELSR,PRM_2015_4_7.raw,0.9132,1445949440
qc|PRTC|PRTC_Thermo,SAAGAFGPELSR,PRM_2015_4_8.raw,0.8738,1586846208
qc|PRTC|PRTC_Thermo,SAAGAFGPELSR,PRM_2015_4_9.raw,0.9365,1281578496
qc|PRTC|PRTC_Thermo,SAAGAFGPELSR,PRM_2015_4_10.raw,0.9937,377917856
qc|PRTC|PRTC_Thermo,SAAGAFGPELSR,PRM_2015_4_11.raw,0.9928,253224608
qc|PRTC|PRTC_Thermo,SAAGAFGPELSR,PRM_2015_4_12.raw,0.9916,1887875200
qc|PRTC|PRTC_Thermo,SAAGAFGPELSR,PRM_2016_2_1.raw,0.9848,6729886720
qc|PRTC|PRTC_Thermo,SAAGAFGPELSR,PRM_2016_2_2.raw,0.9841,6994599936
qc|PRTC|PRTC_Thermo,SAAGAFGPELSR,PRM_2016_2_3.raw,0.9828,7132255744
qc|PRTC|PRTC_Thermo,SAAGAFGPELSR,PRM_2016_2_4.raw,0.9832,7158493184
qc|PRTC|PRTC_Thermo,SAAGAFGPELSR,PRM_2016_2_5.raw,0.9831,7308058624
qc|PRTC|PRTC_Thermo,SAAGAFGPELSR,PRM_2016_2_6.raw,0.9685,7393256448
qc|PRTC|PRTC_Thermo,SAAGAFGPELSR,PRM_2016_2_7.raw,0.9702,8370166784
qc|PRTC|PRTC_Thermo,SAAGAFGPELSR,PRM_2016_2_8.raw,0.99,9097886720
qc|PRTC|PRTC_Thermo,SAAGAFGPELSR,PRM_2016_2_9.raw,0.9899,9100032000
qc|PRTC|PRTC_Thermo,SAAGAFGPELSR,PRM_2016_2_10.raw,0.99,9035568128
qc|PRTC|PRTC_Thermo,SAAGAFGPELSR,PRM_2016_3_1.raw,0.9702,6548264960
qc|PRTC|PRTC_Thermo,SAAGAFGPELSR,PRM_2016_3_2.raw,0.9674,6215582720
qc|PRTC|PRTC_Thermo,SAAGAFGPELSR,PRM_2016_3_3.raw,0.9718,6451833344
qc|PRTC|PRTC_Thermo,SAAGAFGPELSR,PRM_2016_3_4.raw,0.9838,6724238848
qc|PRTC|PRTC_Thermo,SAAGAFGPELSR,PRM_2016_3_5.raw,0.971,6123380224
qc|PRTC|PRTC_Thermo,ELGQSGVDTYLQTK,PRM_2014_12_1.raw,0.8254,1023403136
qc|PRTC|PRTC_Thermo,ELGQSGVDTYLQTK,PRM_2014_12_2.raw,0.7867,1384274688
qc|PRTC|PRTC_Thermo,ELGQSGVDTYLQTK,PRM_2014_12_3.raw,0.8418,1114646912
qc|PRTC|PRTC_Thermo,ELGQSGVDTYLQTK,PRM_2014_12_4.raw,0.6765,675648768
qc|PRTC|PRTC_Thermo,ELGQSGVDTYLQTK,PRM_2014_12_5.raw,0.9476,982651200
qc|PRTC|PRTC_Thermo,ELGQSGVDTYLQTK,PRM_2014_12_6.raw,0.9717,734669120
qc|PRTC|PRTC_Thermo,ELGQSGVDTYLQTK,PRM_2014_12_7.raw,0.6923,328741376
qc|PRTC|PRTC_Thermo,ELGQSGVDTYLQTK,PRM_2014_12_8.raw,0.9253,538445184
qc|PRTC|PRTC_Thermo,ELGQSGVDTYLQTK,PRM_2014_12_9.raw,0.9001,371410464
qc|PRTC|PRTC_Thermo,ELGQSGVDTYLQTK,PRM_2014_12_10.raw,0.9091,479926848
qc|PRTC|PRTC_Thermo,ELGQSGVDTYLQTK,PRM_2015_4_1.raw,0.9944,2342112768
qc|PRTC|PRTC_Thermo,ELGQSGVDTYLQTK,PRM_2015_4_2.raw,0.9684,2435520512
qc|PRTC|PRTC_Thermo,ELGQSGVDTYLQTK,PRM_2015_4_3.raw,0.9816,2514450176
qc|PRTC|PRTC_Thermo,ELGQSGVDTYLQTK,PRM_2015_4_4.raw,0.9675,2747412480
qc|PRTC|PRTC_Thermo,ELGQSGVDTYLQTK,PRM_2015_4_5.raw,0.9651,2545070592
qc|PRTC|PRTC_Thermo,ELGQSGVDTYLQTK,PRM_2015_4_6.raw,0.995,2519077888
qc|PRTC|PRTC_Thermo,ELGQSGVDTYLQTK,PRM_2015_4_7.raw,0.9937,2624555520
qc|PRTC|PRTC_Thermo,ELGQSGVDTYLQTK,PRM_2015_4_8.raw,0.9941,2617400832
qc|PRTC|PRTC_Thermo,ELGQSGVDTYLQTK,PRM_2015_4_9.raw,0.9943,2802343424
qc|PRTC|PRTC_Thermo,ELGQSGVDTYLQTK,PRM_2015_4_10.raw,0.9954,376647040
qc|PRTC|PRTC_Thermo,ELGQSGVDTYLQTK,PRM_2015_4_11.raw,0.9971,66058920
qc|PRTC|PRTC_Thermo,ELGQSGVDTYLQTK,PRM_2015_4_12.raw,0.9965,2155505920
qc|PRTC|PRTC_Thermo,ELGQSGVDTYLQTK,PRM_2016_2_1.raw,0.9881,5489976832
qc|PRTC|PRTC_Thermo,ELGQSGVDTYLQTK,PRM_2016_2_2.raw,0.988,6184629760
qc|PRTC|PRTC_Thermo,ELGQSGVDTYLQTK,PRM_2016_2_3.raw,0.9888,6363871232
qc|PRTC|PRTC_Thermo,ELGQSGVDTYLQTK,PRM_2016_2_4.raw,0.989,6553024000
qc|PRTC|PRTC_Thermo,ELGQSGVDTYLQTK,PRM_2016_2_5.raw,0.9873,6549241856
qc|PRTC|PRTC_Thermo,ELGQSGVDTYLQTK,PRM_2016_2_6.raw,0.987,6654693376
qc|PRTC|PRTC_Thermo,ELGQSGVDTYLQTK,PRM_2016_2_7.raw,0.9887,7412664832
qc|PRTC|PRTC_Thermo,ELGQSGVDTYLQTK,PRM_2016_2_8.raw,0.9915,8176546816
qc|PRTC|PRTC_Thermo,ELGQSGVDTYLQTK,PRM_2016_2_9.raw,0.9924,7993035776
qc|PRTC|PRTC_Thermo,ELGQSGVDTYLQTK,PRM_2016_2_10.raw,0.9925,8167438336
qc|PRTC|PRTC_Thermo,ELGQSGVDTYLQTK,PRM_2016_3_1.raw,0.9965,4615301632
qc|PRTC|PRTC_Thermo,ELGQSGVDTYLQTK,PRM_2016_3_2.raw,0.9956,4484545024
qc|PRTC|PRTC_Thermo,ELGQSGVDTYLQTK,PRM_2016_3_3.raw,0.9968,4804174848
qc|PRTC|PRTC_Thermo,ELGQSGVDTYLQTK,PRM_2016_3_4.raw,0.9958,5023550976
qc|PRTC|PRTC_Thermo,ELGQSGVDTYLQTK,PRM_2016_3_5.raw,0.9968,4650786816
qc|PRTC|PRTC_Thermo,GLILVGGYGTR,PRM_2014_12_1.raw,0.9222,2275994880
qc|PRTC|PRTC_Thermo,GLILVGGYGTR,PRM_2014_12_2.raw,0.9275,2678904832
qc|PRTC|PRTC_Thermo,GLILVGGYGTR,PRM_2014_12_3.raw,0.9378,2032098176
qc|PRTC|PRTC_Thermo,GLILVGGYGTR,PRM_2014_12_4.raw,0.9896,1824749440
qc|PRTC|PRTC_Thermo,GLILVGGYGTR,PRM_2014_12_5.raw,0.9751,1723178496
qc|PRTC|PRTC_Thermo,GLILVGGYGTR,PRM_2014_12_6.raw,0.9863,1726754816
qc|PRTC|PRTC_Thermo,GLILVGGYGTR,PRM_2014_12_7.raw,0.9817,1705569792
qc|PRTC|PRTC_Thermo,GLILVGGYGTR,PRM_2014_12_8.raw,0.9567,1812576896
qc|PRTC|PRTC_Thermo,GLILVGGYGTR,PRM_2014_12_9.raw,0.9821,1503589120
qc|PRTC|PRTC_Thermo,GLILVGGYGTR,PRM_2014_12_10.raw,0.9285,1563692928
qc|PRTC|PRTC_Thermo,GLILVGGYGTR,PRM_2015_4_1.raw,0.8575,2151333120
qc|PRTC|PRTC_Thermo,GLILVGGYGTR,PRM_2015_4_2.raw,0.8413,2111349760
qc|PRTC|PRTC_Thermo,GLILVGGYGTR,PRM_2015_4_3.raw,0.8568,2008392320
qc|PRTC|PRTC_Thermo,GLILVGGYGTR,PRM_2015_4_4.raw,0.8388,1825714048
qc|PRTC|PRTC_Thermo,GLILVGGYGTR,PRM_2015_4_5.raw,0.8405,1776243072
qc|PRTC|PRTC_Thermo,GLILVGGYGTR,PRM_2015_4_6.raw,0.8304,1649761024
qc|PRTC|PRTC_Thermo,GLILVGGYGTR,PRM_2015_4_7.raw,0.8534,924083136
qc|PRTC|PRTC_Thermo,GLILVGGYGTR,PRM_2015_4_8.raw,0.7947,1161597312
qc|PRTC|PRTC_Thermo,GLILVGGYGTR,PRM_2015_4_9.raw,0.8175,966760320
qc|PRTC|PRTC_Thermo,GLILVGGYGTR,PRM_2015_4_10.raw,0.9939,135320768
qc|PRTC|PRTC_Thermo,GLILVGGYGTR,PRM_2015_4_11.raw,0.9924,80882272
qc|PRTC|PRTC_Thermo,GLILVGGYGTR,PRM_2015_4_12.raw,0.927,1246558336
qc|PRTC|PRTC_Thermo,GLILVGGYGTR,PRM_2016_2_1.raw,0.974,5799762432
qc|PRTC|PRTC_Thermo,GLILVGGYGTR,PRM_2016_2_2.raw,0.9813,6583985152
qc|PRTC|PRTC_Thermo,GLILVGGYGTR,PRM_2016_2_3.raw,0.9816,5945291776
qc|PRTC|PRTC_Thermo,GLILVGGYGTR,PRM_2016_2_4.raw,0.9577,5833248256
qc|PRTC|PRTC_Thermo,GLILVGGYGTR,PRM_2016_2_5.raw,0.9282,5811685376
qc|PRTC|PRTC_Thermo,GLILVGGYGTR,PRM_2016_2_6.raw,0.932,5756639744
qc|PRTC|PRTC_Thermo,GLILVGGYGTR,PRM_2016_2_7.raw,0.9332,6769728512
qc|PRTC|PRTC_Thermo,GLILVGGYGTR,PRM_2016_2_8.raw,0.9898,7784019456
qc|PRTC|PRTC_Thermo,GLILVGGYGTR,PRM_2016_2_9.raw,0.988,7674568192
qc|PRTC|PRTC_Thermo,GLILVGGYGTR,PRM_2016_2_10.raw,0.9887,7992668160
qc|PRTC|PRTC_Thermo,GLILVGGYGTR,PRM_2016_3_1.raw,0.9708,4855110144
qc|PRTC|PRTC_Thermo,GLILVGGYGTR,PRM_2016_3_2.raw,0.9841,4717089792
qc|PRTC|PRTC_Thermo,GLILVGGYGTR,PRM_2016_3_3.raw,0.984,5301442560
qc|PRTC|PRTC_Thermo,GLILVGGYGTR,PRM_2016_3_4.raw,0.9851,4820348928
qc|PRTC|PRTC_Thermo,GLILVGGYGTR,PRM_2016_3_5.raw,0.9852,5259986944
qc|PRTC|PRTC_Thermo,GILFVGSGVSGGEEGAR,PRM_2014_12_1.raw,0.9276,623712640
qc|PRTC|PRTC_Thermo,GILFVGSGVSGGEEGAR,PRM_2014_12_2.raw,0.9458,725294784
qc|PRTC|PRTC_Thermo,GILFVGSGVSGGEEGAR,PRM_2014_12_3.raw,0.9037,334212960
qc|PRTC|PRTC_Thermo,GILFVGSGVSGGEEGAR,PRM_2014_12_4.raw,0.9776,321856544
qc|PRTC|PRTC_Thermo,GILFVGSGVSGGEEGAR,PRM_2014_12_5.raw,0.8607,185097392
qc|PRTC|PRTC_Thermo,GILFVGSGVSGGEEGAR,PRM_2014_12_6.raw,0.8707,186455536
qc|PRTC|PRTC_Thermo,GILFVGSGVSGGEEGAR,PRM_2014_12_7.raw,0.9034,181056816
qc|PRTC|PRTC_Thermo,GILFVGSGVSGGEEGAR,PRM_2014_12_8.raw,0.9257,217115904
qc|PRTC|PRTC_Thermo,GILFVGSGVSGGEEGAR,PRM_2014_12_9.raw,0.9573,171327120
qc|PRTC|PRTC_Thermo,GILFVGSGVSGGEEGAR,PRM_2014_12_10.raw,0.9516,255832144
qc|PRTC|PRTC_Thermo,GILFVGSGVSGGEEGAR,PRM_2015_4_1.raw,0.996,344266272
qc|PRTC|PRTC_Thermo,GILFVGSGVSGGEEGAR,PRM_2015_4_2.raw,0.9964,347968064
qc|PRTC|PRTC_Thermo,GILFVGSGVSGGEEGAR,PRM_2015_4_3.raw,0.9961,350348032
qc|PRTC|PRTC_Thermo,GILFVGSGVSGGEEGAR,PRM_2015_4_4.raw,0.9952,381846080
qc|PRTC|PRTC_Thermo,GILFVGSGVSGGEEGAR,PRM_2015_4_5.raw,0.9951,404226944
qc|PRTC|PRTC_Thermo,GILFVGSGVSGGEEGAR,PRM_2015_4_6.raw,0.995,434561472
qc|PRTC|PRTC_Thermo,GILFVGSGVSGGEEGAR,PRM_2015_4_7.raw,0.9948,409715456
qc|PRTC|PRTC_Thermo,GILFVGSGVSGGEEGAR,PRM_2015_4_8.raw,0.9937,495674944
qc|PRTC|PRTC_Thermo,GILFVGSGVSGGEEGAR,PRM_2015_4_9.raw,0.9925,592770688
qc|PRTC|PRTC_Thermo,GILFVGSGVSGGEEGAR,PRM_2015_4_10.raw,0.9963,159371168
qc|PRTC|PRTC_Thermo,GILFVGSGVSGGEEGAR,PRM_2015_4_11.raw,0.9891,7281856
qc|PRTC|PRTC_Thermo,GILFVGSGVSGGEEGAR,PRM_2015_4_12.raw,0.9926,696668288
qc|PRTC|PRTC_Thermo,GILFVGSGVSGGEEGAR,PRM_2016_2_1.raw,0.9959,1265686784
qc|PRTC|PRTC_Thermo,GILFVGSGVSGGEEGAR,PRM_2016_2_2.raw,0.9938,1559282176
qc|PRTC|PRTC_Thermo,GILFVGSGVSGGEEGAR,PRM_2016_2_3.raw,0.9952,1608357376
qc|PRTC|PRTC_Thermo,GILFVGSGVSGGEEGAR,PRM_2016_2_4.raw,0.9932,1637078912
qc|PRTC|PRTC_Thermo,GILFVGSGVSGGEEGAR,PRM_2016_2_5.raw,0.9928,1763872768
qc|PRTC|PRTC_Thermo,GILFVGSGVSGGEEGAR,PRM_2016_2_6.raw,0.9945,1834738816
qc|PRTC|PRTC_Thermo,GILFVGSGVSGGEEGAR,PRM_2016_2_7.raw,0.9953,2278856448
qc|PRTC|PRTC_Thermo,GILFVGSGVSGGEEGAR,PRM_2016_2_8.raw,0.9947,2749478912
qc|PRTC|PRTC_Thermo,GILFVGSGVSGGEEGAR,PRM_2016_2_9.raw,0.9947,3184532480
qc|PRTC|PRTC_Thermo,GILFVGSGVSGGEEGAR,PRM_2016_2_10.raw,0.9942,3866790400
qc|PRTC|PRTC_Thermo,GILFVGSGVSGGEEGAR,PRM_2016_3_1.raw,0.9943,714674880
qc|PRTC|PRTC_Thermo,GILFVGSGVSGGEEGAR,PRM_2016_3_2.raw,0.9909,756646528
qc|PRTC|PRTC_Thermo,GILFVGSGVSGGEEGAR,PRM_2016_3_3.raw,0.9903,1238450048
qc|PRTC|PRTC_Thermo,GILFVGSGVSGGEEGAR,PRM_2016_3_4.raw,0.9898,1187138432
qc|PRTC|PRTC_Thermo,GILFVGSGVSGGEEGAR,PRM_2016_3_5.raw,0.9898,1374539904
qc|PRTC|PRTC_Thermo,SFANQPLEVVYSK,PRM_2014_12_1.raw,0.8597,892212736
qc|PRTC|PRTC_Thermo,SFANQPLEVVYSK,PRM_2014_12_2.raw,0.8328,1163020672
qc|PRTC|PRTC_Thermo,SFANQPLEVVYSK,PRM_2014_12_3.raw,0.8276,753748864
qc|PRTC|PRTC_Thermo,SFANQPLEVVYSK,PRM_2014_12_4.raw,0.9015,932018944
qc|PRTC|PRTC_Thermo,SFANQPLEVVYSK,PRM_2014_12_5.raw,0.8358,553421248
qc|PRTC|PRTC_Thermo,SFANQPLEVVYSK,PRM_2014_12_6.raw,0.9724,738811392
qc|PRTC|PRTC_Thermo,SFANQPLEVVYSK,PRM_2014_12_7.raw,0.9047,363077408
qc|PRTC|PRTC_Thermo,SFANQPLEVVYSK,PRM_2014_12_8.raw,0.873,628546432
qc|PRTC|PRTC_Thermo,SFANQPLEVVYSK,PRM_2014_12_9.raw,0.9379,308916672
qc|PRTC|PRTC_Thermo,SFANQPLEVVYSK,PRM_2014_12_10.raw,0.8369,422814304
qc|PRTC|PRTC_Thermo,SFANQPLEVVYSK,PRM_2015_4_1.raw,0.9972,1269593984
qc|PRTC|PRTC_Thermo,SFANQPLEVVYSK,PRM_2015_4_2.raw,0.9834,1546560128
qc|PRTC|PRTC_Thermo,SFANQPLEVVYSK,PRM_2015_4_3.raw,0.9958,1789919232
qc|PRTC|PRTC_Thermo,SFANQPLEVVYSK,PRM_2015_4_4.raw,0.9947,1900292352
qc|PRTC|PRTC_Thermo,SFANQPLEVVYSK,PRM_2015_4_5.raw,0.9959,1964639744
qc|PRTC|PRTC_Thermo,SFANQPLEVVYSK,PRM_2015_4_6.raw,0.9967,2017646464
qc|PRTC|PRTC_Thermo,SFANQPLEVVYSK,PRM_2015_4_7.raw,0.9775,1817740288
qc|PRTC|PRTC_Thermo,SFANQPLEVVYSK,PRM_2015_4_8.raw,0.9812,2010745344
qc|PRTC|PRTC_Thermo,SFANQPLEVVYSK,PRM_2015_4_9.raw,0.9796,1836742912
qc|PRTC|PRTC_Thermo,SFANQPLEVVYSK,PRM_2015_4_10.raw,0.9961,344704800
qc|PRTC|PRTC_Thermo,SFANQPLEVVYSK,PRM_2015_4_11.raw,0.9914,22729540
qc|PRTC|PRTC_Thermo,SFANQPLEVVYSK,PRM_2015_4_12.raw,0.9964,2203832576
qc|PRTC|PRTC_Thermo,SFANQPLEVVYSK,PRM_2016_2_1.raw,0.9991,4049545984
qc|PRTC|PRTC_Thermo,SFANQPLEVVYSK,PRM_2016_2_2.raw,0.9972,4470389248
qc|PRTC|PRTC_Thermo,SFANQPLEVVYSK,PRM_2016_2_3.raw,0.9968,4615470592
qc|PRTC|PRTC_Thermo,SFANQPLEVVYSK,PRM_2016_2_4.raw,0.9973,4747765248
qc|PRTC|PRTC_Thermo,SFANQPLEVVYSK,PRM_2016_2_5.raw,0.9977,4867169792
qc|PRTC|PRTC_Thermo,SFANQPLEVVYSK,PRM_2016_2_6.raw,0.9982,5189149696
qc|PRTC|PRTC_Thermo,SFANQPLEVVYSK,PRM_2016_2_7.raw,0.9966,5415235584
qc|PRTC|PRTC_Thermo,SFANQPLEVVYSK,PRM_2016_2_8.raw,0.9971,6222392320
qc|PRTC|PRTC_Thermo,SFANQPLEVVYSK,PRM_2016_2_9.raw,0.9973,6357197824
qc|PRTC|PRTC_Thermo,SFANQPLEVVYSK,PRM_2016_2_10.raw,0.9971,5988049408
qc|PRTC|PRTC_Thermo,SFANQPLEVVYSK,PRM_2016_3_1.raw,0.9907,3049561600
qc|PRTC|PRTC_Thermo,SFANQPLEVVYSK,PRM_2016_3_2.raw,0.9885,3072983552
qc|PRTC|PRTC_Thermo,SFANQPLEVVYSK,PRM_2016_3_3.raw,0.988,4401912320
qc|PRTC|PRTC_Thermo,SFANQPLEVVYSK,PRM_2016_3_4.raw,0.9701,4230476288
qc|PRTC|PRTC_Thermo,SFANQPLEVVYSK,PRM_2016_3_5.raw,0.9675,4282272256
qc|PRTC|PRTC_Thermo,LTILEELR,PRM_2014_12_1.raw,0.9042,623919936
qc|PRTC|PRTC_Thermo,LTILEELR,PRM_2014_12_2.raw,0.8554,657882112
qc|PRTC|PRTC_Thermo,LTILEELR,PRM_2014_12_3.raw,0.8487,469023904
qc|PRTC|PRTC_Thermo,LTILEELR,PRM_2014_12_4.raw,0.8438,365324992
qc|PRTC|PRTC_Thermo,LTILEELR,PRM_2014_12_5.raw,0.8618,360104864
qc|PRTC|PRTC_Thermo,LTILEELR,PRM_2014_12_6.raw,0.8121,393168000
qc|PRTC|PRTC_Thermo,LTILEELR,PRM_2014_12_7.raw,0.9004,380722304
qc|PRTC|PRTC_Thermo,LTILEELR,PRM_2014_12_8.raw,0.878,362531264
qc|PRTC|PRTC_Thermo,LTILEELR,PRM_2014_12_9.raw,0.8849,390202080
qc|PRTC|PRTC_Thermo,LTILEELR,PRM_2014_12_10.raw,0.796,338953856
qc|PRTC|PRTC_Thermo,LTILEELR,PRM_2015_4_1.raw,0.9943,325572928
qc|PRTC|PRTC_Thermo,LTILEELR,PRM_2015_4_2.raw,0.9757,435699488
qc|PRTC|PRTC_Thermo,LTILEELR,PRM_2015_4_3.raw,0.9881,452944096
qc|PRTC|PRTC_Thermo,LTILEELR,PRM_2015_4_4.raw,0.9573,486387488
qc|PRTC|PRTC_Thermo,LTILEELR,PRM_2015_4_5.raw,0.9814,455302432
qc|PRTC|PRTC_Thermo,LTILEELR,PRM_2015_4_6.raw,0.9928,468429760
qc|PRTC|PRTC_Thermo,LTILEELR,PRM_2015_4_7.raw,0.9936,304842784
qc|PRTC|PRTC_Thermo,LTILEELR,PRM_2015_4_8.raw,0.9816,260473776
qc|PRTC|PRTC_Thermo,LTILEELR,PRM_2015_4_9.raw,0.9944,272435264
qc|PRTC|PRTC_Thermo,LTILEELR,PRM_2015_4_10.raw,0.9802,15105400
qc|PRTC|PRTC_Thermo,LTILEELR,PRM_2015_4_11.raw,0.9813,6747450
qc|PRTC|PRTC_Thermo,LTILEELR,PRM_2015_4_12.raw,0.9944,264214096
qc|PRTC|PRTC_Thermo,LTILEELR,PRM_2016_2_1.raw,0.9926,1119530112
qc|PRTC|PRTC_Thermo,LTILEELR,PRM_2016_2_2.raw,0.9909,1367450880
qc|PRTC|PRTC_Thermo,LTILEELR,PRM_2016_2_3.raw,0.9886,1525332096
qc|PRTC|PRTC_Thermo,LTILEELR,PRM_2016_2_4.raw,0.9869,1590041728
qc|PRTC|PRTC_Thermo,LTILEELR,PRM_2016_2_5.raw,0.9893,1648657792
qc|PRTC|PRTC_Thermo,LTILEELR,PRM_2016_2_6.raw,0.9869,1871444096
qc|PRTC|PRTC_Thermo,LTILEELR,PRM_2016_2_7.raw,0.9858,1942956416
qc|PRTC|PRTC_Thermo,LTILEELR,PRM_2016_2_8.raw,0.9917,2162519296
qc|PRTC|PRTC_Thermo,LTILEELR,PRM_2016_2_9.raw,0.9913,2302644736
qc|PRTC|PRTC_Thermo,LTILEELR,PRM_2016_2_10.raw,0.9909,2477754368
qc|PRTC|PRTC_Thermo,LTILEELR,PRM_2016_3_1.raw,0.9916,963695168
qc|PRTC|PRTC_Thermo,LTILEELR,PRM_2016_3_2.raw,0.9916,858230080
qc|PRTC|PRTC_Thermo,LTILEELR,PRM_2016_3_3.raw,0.99,1065201792
qc|PRTC|PRTC_Thermo,LTILEELR,PRM_2016_3_4.raw,0.99,1190632320
qc|PRTC|PRTC_Thermo,LTILEELR,PRM_2016_3_5.raw,0.9899,1107538432
qc|PRTC|PRTC_Thermo,NGFILDGFPR,PRM_2014_12_1.raw,0.9226,1103700992
qc|PRTC|PRTC_Thermo,NGFILDGFPR,PRM_2014_12_2.raw,0.848,1489202176
qc|PRTC|PRTC_Thermo,NGFILDGFPR,PRM_2014_12_3.raw,0.8423,1096591488
qc|PRTC|PRTC_Thermo,NGFILDGFPR,PRM_2014_12_4.raw,0.8326,791932480
qc|PRTC|PRTC_Thermo,NGFILDGFPR,PRM_2014_12_5.raw,0.8803,792602304
qc|PRTC|PRTC_Thermo,NGFILDGFPR,PRM_2014_12_6.raw,0.888,584498688
qc|PRTC|PRTC_Thermo,NGFILDGFPR,PRM_2014_12_7.raw,0.8863,571540096
qc|PRTC|PRTC_Thermo,NGFILDGFPR,PRM_2014_12_8.raw,0.8853,562523008
qc|PRTC|PRTC_Thermo,NGFILDGFPR,PRM_2014_12_9.raw,0.8691,619103616
qc|PRTC|PRTC_Thermo,NGFILDGFPR,PRM_2014_12_10.raw,0.8999,624706880
qc|PRTC|PRTC_Thermo,NGFILDGFPR,PRM_2015_4_1.raw,0.995,652457792
qc|PRTC|PRTC_Thermo,NGFILDGFPR,PRM_2015_4_2.raw,0.9209,910058880
qc|PRTC|PRTC_Thermo,NGFILDGFPR,PRM_2015_4_3.raw,0.9283,1005599296
qc|PRTC|PRTC_Thermo,NGFILDGFPR,PRM_2015_4_4.raw,0.8908,989978368
qc|PRTC|PRTC_Thermo,NGFILDGFPR,PRM_2015_4_5.raw,0.8999,1042050752
qc|PRTC|PRTC_Thermo,NGFILDGFPR,PRM_2015_4_6.raw,0.8864,1020796672
qc|PRTC|PRTC_Thermo,NGFILDGFPR,PRM_2015_4_7.raw,0.8817,739886912
qc|PRTC|PRTC_Thermo,NGFILDGFPR,PRM_2015_4_8.raw,0.89,708023680
qc|PRTC|PRTC_Thermo,NGFILDGFPR,PRM_2015_4_9.raw,0.9214,780926272
qc|PRTC|PRTC_Thermo,NGFILDGFPR,PRM_2015_4_10.raw,0.9911,67805976
qc|PRTC|PRTC_Thermo,NGFILDGFPR,PRM_2015_4_11.raw,0.9906,14198432
qc|PRTC|PRTC_Thermo,NGFILDGFPR,PRM_2015_4_12.raw,0.9649,827356992
qc|PRTC|PRTC_Thermo,NGFILDGFPR,PRM_2016_2_1.raw,0.9896,2481930752
qc|PRTC|PRTC_Thermo,NGFILDGFPR,PRM_2016_2_2.raw,0.9887,3033154304
qc|PRTC|PRTC_Thermo,NGFILDGFPR,PRM_2016_2_3.raw,0.9821,3185982208
qc|PRTC|PRTC_Thermo,NGFILDGFPR,PRM_2016_2_4.raw,0.9784,3196090112
qc|PRTC|PRTC_Thermo,NGFILDGFPR,PRM_2016_2_5.raw,0.9845,3423316992
qc|PRTC|PRTC_Thermo,NGFILDGFPR,PRM_2016_2_6.raw,0.9852,4065538304
qc|PRTC|PRTC_Thermo,NGFILDGFPR,PRM_2016_2_7.raw,0.9772,4021392896
qc|PRTC|PRTC_Thermo,NGFILDGFPR,PRM_2016_2_8.raw,0.9915,4884037632
qc|PRTC|PRTC_Thermo,NGFILDGFPR,PRM_2016_2_9.raw,0.9914,4965482496
qc|PRTC|PRTC_Thermo,NGFILDGFPR,PRM_2016_2_10.raw,0.9919,4671962624
qc|PRTC|PRTC_Thermo,NGFILDGFPR,PRM_2016_3_1.raw,0.9873,1742020864
qc|PRTC|PRTC_Thermo,NGFILDGFPR,PRM_2016_3_2.raw,0.9865,1826300160
qc|PRTC|PRTC_Thermo,NGFILDGFPR,PRM_2016_3_3.raw,0.987,2258252288
qc|PRTC|PRTC_Thermo,NGFILDGFPR,PRM_2016_3_4.raw,0.9701,2319072000
qc|PRTC|PRTC_Thermo,NGFILDGFPR,PRM_2016_3_5.raw,0.9359,2616414208
qc|PRTC|PRTC_Thermo,ELASGLSFPVGFK,PRM_2014_12_1.raw,0.9972,189728464
qc|PRTC|PRTC_Thermo,ELASGLSFPVGFK,PRM_2014_12_2.raw,0.9956,297385952
qc|PRTC|PRTC_Thermo,ELASGLSFPVGFK,PRM_2014_12_3.raw,0.9958,221694976
qc|PRTC|PRTC_Thermo,ELASGLSFPVGFK,PRM_2014_12_4.raw,0.9961,178775616
qc|PRTC|PRTC_Thermo,ELASGLSFPVGFK,PRM_2014_12_5.raw,0.9974,142404176
qc|PRTC|PRTC_Thermo,ELASGLSFPVGFK,PRM_2014_12_6.raw,0.9937,181403312
qc|PRTC|PRTC_Thermo,ELASGLSFPVGFK,PRM_2014_12_7.raw,0.9965,151867328
qc|PRTC|PRTC_Thermo,ELASGLSFPVGFK,PRM_2014_12_8.raw,0.995,117822336
qc|PRTC|PRTC_Thermo,ELASGLSFPVGFK,PRM_2014_12_9.raw,0.9939,168836000
qc|PRTC|PRTC_Thermo,ELASGLSFPVGFK,PRM_2014_12_10.raw,0.9935,182576848
qc|PRTC|PRTC_Thermo,ELASGLSFPVGFK,PRM_2015_4_1.raw,0.985,64580356
qc|PRTC|PRTC_Thermo,ELASGLSFPVGFK,PRM_2015_4_2.raw,0.9961,102452824
qc|PRTC|PRTC_Thermo,ELASGLSFPVGFK,PRM_2015_4_3.raw,0.9986,125054600
qc|PRTC|PRTC_Thermo,ELASGLSFPVGFK,PRM_2015_4_4.raw,0.9988,156143648
qc|PRTC|PRTC_Thermo,ELASGLSFPVGFK,PRM_2015_4_5.raw,0.9966,173725552
qc|PRTC|PRTC_Thermo,ELASGLSFPVGFK,PRM_2015_4_6.raw,0.9981,195927264
qc|PRTC|PRTC_Thermo,ELASGLSFPVGFK,PRM_2015_4_7.raw,0.9976,191341408
qc|PRTC|PRTC_Thermo,ELASGLSFPVGFK,PRM_2015_4_8.raw,0.9983,189001360
qc|PRTC|PRTC_Thermo,ELASGLSFPVGFK,PRM_2015_4_9.raw,0.9968,208430512
qc|PRTC|PRTC_Thermo,ELASGLSFPVGFK,PRM_2015_4_10.raw,0.9921,29277608
qc|PRTC|PRTC_Thermo,ELASGLSFPVGFK,PRM_2015_4_11.raw,0.966,1410655
qc|PRTC|PRTC_Thermo,ELASGLSFPVGFK,PRM_2015_4_12.raw,0.9958,231260496
qc|PRTC|PRTC_Thermo,ELASGLSFPVGFK,PRM_2016_2_1.raw,0.9959,647149120
qc|PRTC|PRTC_Thermo,ELASGLSFPVGFK,PRM_2016_2_2.raw,0.996,923236096
qc|PRTC|PRTC_Thermo,ELASGLSFPVGFK,PRM_2016_2_3.raw,0.9976,1076585472
qc|PRTC|PRTC_Thermo,ELASGLSFPVGFK,PRM_2016_2_4.raw,0.9995,1121901184
qc|PRTC|PRTC_Thermo,ELASGLSFPVGFK,PRM_2016_2_5.raw,0.9981,1310174208
qc|PRTC|PRTC_Thermo,ELASGLSFPVGFK,PRM_2016_2_6.raw,0.9971,1710235776
qc|PRTC|PRTC_Thermo,ELASGLSFPVGFK,PRM_2016_2_7.raw,0.9974,1751440128
qc|PRTC|PRTC_Thermo,ELASGLSFPVGFK,PRM_2016_2_8.raw,0.9964,2219797504
qc|PRTC|PRTC_Thermo,ELASGLSFPVGFK,PRM_2016_2_9.raw,0.9972,2593621504
qc|PRTC|PRTC_Thermo,ELASGLSFPVGFK,PRM_2016_2_10.raw,0.9968,2702729216
qc|PRTC|PRTC_Thermo,ELASGLSFPVGFK,PRM_2016_3_1.raw,0.9959,294431552
qc|PRTC|PRTC_Thermo,ELASGLSFPVGFK,PRM_2016_3_2.raw,0.9959,349634752
qc|PRTC|PRTC_Thermo,ELASGLSFPVGFK,PRM_2016_3_3.raw,0.9928,500510400
qc|PRTC|PRTC_Thermo,ELASGLSFPVGFK,PRM_2016_3_4.raw,0.9918,692027328
qc|PRTC|PRTC_Thermo,ELASGLSFPVGFK,PRM_2016_3_5.raw,0.991,732736832
qc|PRTC|PRTC_Thermo,LSSEAPALFQFDLK,PRM_2014_12_1.raw,0.9949,34671256
qc|PRTC|PRTC_Thermo,LSSEAPALFQFDLK,PRM_2014_12_2.raw,0.9904,11201515
qc|PRTC|PRTC_Thermo,LSSEAPALFQFDLK,PRM_2014_12_3.raw,0.996,8122930
qc|PRTC|PRTC_Thermo,LSSEAPALFQFDLK,PRM_2014_12_4.raw,0.9891,3286034
qc|PRTC|PRTC_Thermo,LSSEAPALFQFDLK,PRM_2014_12_5.raw,0.9827,1057222
qc|PRTC|PRTC_Thermo,LSSEAPALFQFDLK,PRM_2014_12_6.raw,0.988,2035083
qc|PRTC|PRTC_Thermo,LSSEAPALFQFDLK,PRM_2014_12_7.raw,0.9811,1297667
qc|PRTC|PRTC_Thermo,LSSEAPALFQFDLK,PRM_2014_12_8.raw,0.9867,1732400
qc|PRTC|PRTC_Thermo,LSSEAPALFQFDLK,PRM_2014_12_9.raw,0.9932,1198806
qc|PRTC|PRTC_Thermo,LSSEAPALFQFDLK,PRM_2014_12_10.raw,0.9729,1027882
qc|PRTC|PRTC_Thermo,LSSEAPALFQFDLK,PRM_2015_4_1.raw,0.9739,4423282
qc|PRTC|PRTC_Thermo,LSSEAPALFQFDLK,PRM_2015_4_2.raw,0.9823,3508116
qc|PRTC|PRTC_Thermo,LSSEAPALFQFDLK,PRM_2015_4_3.raw,0.9855,3641711
qc|PRTC|PRTC_Thermo,LSSEAPALFQFDLK,PRM_2015_4_4.raw,0.9758,5175117
qc|PRTC|PRTC_Thermo,LSSEAPALFQFDLK,PRM_2015_4_5.raw,0.9913,5229891
qc|PRTC|PRTC_Thermo,LSSEAPALFQFDLK,PRM_2015_4_6.raw,0.9862,5172590
qc|PRTC|PRTC_Thermo,LSSEAPALFQFDLK,PRM_2015_4_7.raw,0.9845,2864093
qc|PRTC|PRTC_Thermo,LSSEAPALFQFDLK,PRM_2015_4_8.raw,0.9852,3495544
qc|PRTC|PRTC_Thermo,LSSEAPALFQFDLK,PRM_2015_4_9.raw,0.9793,3345089
qc|PRTC|PRTC_Thermo,LSSEAPALFQFDLK,PRM_2015_4_10.raw,0.9943,5597651
qc|PRTC|PRTC_Thermo,LSSEAPALFQFDLK,PRM_2015_4_11.raw,0.937,186795
qc|PRTC|PRTC_Thermo,LSSEAPALFQFDLK,PRM_2015_4_12.raw,0.9915,2755190
qc|PRTC|PRTC_Thermo,LSSEAPALFQFDLK,PRM_2016_2_1.raw,0.9846,6661487
qc|PRTC|PRTC_Thermo,LSSEAPALFQFDLK,PRM_2016_2_2.raw,0.9928,10367048
qc|PRTC|PRTC_Thermo,LSSEAPALFQFDLK,PRM_2016_2_3.raw,0.9949,11442332
qc|PRTC|PRTC_Thermo,LSSEAPALFQFDLK,PRM_2016_2_4.raw,0.9949,13732468
qc|PRTC|PRTC_Thermo,LSSEAPALFQFDLK,PRM_2016_2_5.raw,0.9939,14700528
qc|PRTC|PRTC_Thermo,LSSEAPALFQFDLK,PRM_2016_2_6.raw,0.9884,17960622
qc|PRTC|PRTC_Thermo,LSSEAPALFQFDLK,PRM_2016_2_7.raw,0.989,20708600
qc|PRTC|PRTC_Thermo,LSSEAPALFQFDLK,PRM_2016_2_8.raw,0.9861,26076068
qc|PRTC|PRTC_Thermo,LSSEAPALFQFDLK,PRM_2016_2_9.raw,0.9908,31385270
qc|PRTC|PRTC_Thermo,LSSEAPALFQFDLK,PRM_2016_2_10.raw,0.9892,43717608
qc|PRTC|PRTC_Thermo,LSSEAPALFQFDLK,PRM_2016_3_1.raw,0.9964,5865002
qc|PRTC|PRTC_Thermo,LSSEAPALFQFDLK,PRM_2016_3_2.raw,0.9841,6207781
qc|PRTC|PRTC_Thermo,LSSEAPALFQFDLK,PRM_2016_3_3.raw,0.9882,7463944
qc|PRTC|PRTC_Thermo,LSSEAPALFQFDLK,PRM_2016_3_4.raw,0.9971,9297671
qc|PRTC|PRTC_Thermo,LSSEAPALFQFDLK,PRM_2016_3_5.raw,0.9945,11218085
sp|P02769|ALBU_BOVIN,LVNELTEFAK,PRM_2014_12_1.raw,0.8286,3994649088
sp|P02769|ALBU_BOVIN,LVNELTEFAK,PRM_2014_12_2.raw,0.8367,5517394432
sp|P02769|ALBU_BOVIN,LVNELTEFAK,PRM_2014_12_3.raw,0.818,3611206912
sp|P02769|ALBU_BOVIN,LVNELTEFAK,PRM_2014_12_4.raw,0.8872,3128511232
sp|P02769|ALBU_BOVIN,LVNELTEFAK,PRM_2014_12_5.raw,0.852,3111400448
sp|P02769|ALBU_BOVIN,LVNELTEFAK,PRM_2014_12_6.raw,0.9062,3181489664
sp|P02769|ALBU_BOVIN,LVNELTEFAK,PRM_2014_12_7.raw,0.8407,2811765504
sp|P02769|ALBU_BOVIN,LVNELTEFAK,PRM_2014_12_8.raw,0.8267,2180292608
sp|P02769|ALBU_BOVIN,LVNELTEFAK,PRM_2014_12_9.raw,0.8972,2531867904
sp|P02769|ALBU_BOVIN,LVNELTEFAK,PRM_2014_12_10.raw,0.8456,2505072640
sp|P02769|ALBU_BOVIN,LVNELTEFAK,PRM_2015_4_1.raw,0.7563,4504633856
sp|P02769|ALBU_BOVIN,LVNELTEFAK,PRM_2015_4_2.raw,0.7454,4563481088
sp|P02769|ALBU_BOVIN,LVNELTEFAK,PRM_2015_4_3.raw,0.7961,4577161216
sp|P02769|ALBU_BOVIN,LVNELTEFAK,PRM_2015_4_4.raw,0.7837,4604174848
sp|P02769|ALBU_BOVIN,LVNELTEFAK,PRM_2015_4_5.raw,0.7715,4258548736
sp|P02769|ALBU_BOVIN,LVNELTEFAK,PRM_2015_4_6.raw,0.764,4341264896
sp|P02769|ALBU_BOVIN,LVNELTEFAK,PRM_2015_4_7.raw,0.7883,2230766336
sp|P02769|ALBU_BOVIN,LVNELTEFAK,PRM_2015_4_8.raw,0.7698,2700844800
sp|P02769|ALBU_BOVIN,LVNELTEFAK,PRM_2015_4_9.raw,0.8025,2382151424
sp|P02769|ALBU_BOVIN,LVNELTEFAK,PRM_2015_4_10.raw,0.9122,585806080
sp|P02769|ALBU_BOVIN,LVNELTEFAK,PRM_2015_4_11.raw,0.9957,175163392
sp|P02769|ALBU_BOVIN,LVNELTEFAK,PRM_2015_4_12.raw,0.9807,5156548608
sp|P02769|ALBU_BOVIN,LVNELTEFAK,PRM_2016_2_1.raw,0.9902,12480096256
sp|P02769|ALBU_BOVIN,LVNELTEFAK,PRM_2016_2_2.raw,0.9912,12801235968
sp|P02769|ALBU_BOVIN,LVNELTEFAK,PRM_2016_2_3.raw,0.9894,12464422912
sp|P02769|ALBU_BOVIN,LVNELTEFAK,PRM_2016_2_4.raw,0.9898,12746222592
sp|P02769|ALBU_BOVIN,LVNELTEFAK,PRM_2016_2_5.raw,0.9899,12246905856
sp|P02769|ALBU_BOVIN,LVNELTEFAK,PRM_2016_2_6.raw,0.9899,12110946304
sp|P02769|ALBU_BOVIN,LVNELTEFAK,PRM_2016_2_7.raw,0.9898,12909473792
sp|P02769|ALBU_BOVIN,LVNELTEFAK,PRM_2016_2_8.raw,0.9934,14433342464
sp|P02769|ALBU_BOVIN,LVNELTEFAK,PRM_2016_2_9.raw,0.9936,14455785472
sp|P02769|ALBU_BOVIN,LVNELTEFAK,PRM_2016_2_10.raw,0.9936,13426172928
sp|P02769|ALBU_BOVIN,LVNELTEFAK,PRM_2016_3_1.raw,0.9586,10888932352
sp|P02769|ALBU_BOVIN,LVNELTEFAK,PRM_2016_3_2.raw,0.9766,11231898624
sp|P02769|ALBU_BOVIN,LVNELTEFAK,PRM_2016_3_3.raw,0.9168,12543824896
sp|P02769|ALBU_BOVIN,LVNELTEFAK,PRM_2016_3_4.raw,0.9431,12085595136
sp|P02769|ALBU_BOVIN,LVNELTEFAK,PRM_2016_3_5.raw,0.8984,12974483456
sp|P02769|ALBU_BOVIN,ATEEQLK,PRM_2014_12_1.raw,0.993,370402048
sp|P02769|ALBU_BOVIN,ATEEQLK,PRM_2014_12_2.raw,0.7875,2589686784
sp|P02769|ALBU_BOVIN,ATEEQLK,PRM_2014_12_3.raw,0.8229,2895198464
sp|P02769|ALBU_BOVIN,ATEEQLK,PRM_2014_12_4.raw,0.8292,3010677760
sp|P02769|ALBU_BOVIN,ATEEQLK,PRM_2014_12_5.raw,0.8373,2757765888
sp|P02769|ALBU_BOVIN,ATEEQLK,PRM_2014_12_6.raw,0.8101,3304880640
sp|P02769|ALBU_BOVIN,ATEEQLK,PRM_2014_12_7.raw,0.8279,3167492352
sp|P02769|ALBU_BOVIN,ATEEQLK,PRM_2014_12_8.raw,0.8291,3187992320
sp|P02769|ALBU_BOVIN,ATEEQLK,PRM_2014_12_9.raw,0.8154,3068704000
sp|P02769|ALBU_BOVIN,ATEEQLK,PRM_2014_12_10.raw,0.8248,2660236544
sp|P02769|ALBU_BOVIN,ATEEQLK,PRM_2015_4_1.raw,0.8152,3857977600
sp|P02769|ALBU_BOVIN,ATEEQLK,PRM_2015_4_2.raw,0.7485,3427237888
sp|P02769|ALBU_BOVIN,ATEEQLK,PRM_2015_4_3.raw,0.7829,3150135040
sp|P02769|ALBU_BOVIN,ATEEQLK,PRM_2015_4_4.raw,0.7709,2899950848
sp|P02769|ALBU_BOVIN,ATEEQLK,PRM_2015_4_5.raw,0.7829,3088667136
sp|P02769|ALBU_BOVIN,ATEEQLK,PRM_2015_4_6.raw,0.772,2723831552
sp|P02769|ALBU_BOVIN,ATEEQLK,PRM_2015_4_7.raw,0.782,2433868288
sp|P02769|ALBU_BOVIN,ATEEQLK,PRM_2015_4_8.raw,0.7646,2270942464
sp|P02769|ALBU_BOVIN,ATEEQLK,PRM_2015_4_9.raw,0.7819,2407249152
sp|P02769|ALBU_BOVIN,ATEEQLK,PRM_2015_4_10.raw,0.9927,406047712
sp|P02769|ALBU_BOVIN,ATEEQLK,PRM_2015_4_11.raw,0.9932,379065952
sp|P02769|ALBU_BOVIN,ATEEQLK,PRM_2015_4_12.raw,0.9952,3544187904
sp|P02769|ALBU_BOVIN,ATEEQLK,PRM_2016_2_1.raw,0.9926,5251294208
sp|P02769|ALBU_BOVIN,ATEEQLK,PRM_2016_2_2.raw,0.9924,5248867328
sp|P02769|ALBU_BOVIN,ATEEQLK,PRM_2016_2_3.raw,0.9937,5111873024
sp|P02769|ALBU_BOVIN,ATEEQLK,PRM_2016_2_4.raw,0.9916,5082655744
sp|P02769|ALBU_BOVIN,ATEEQLK,PRM_2016_2_5.raw,0.9917,4958757888
sp|P02769|ALBU_BOVIN,ATEEQLK,PRM_2016_2_6.raw,0.9936,5065219584
sp|P02769|ALBU_BOVIN,ATEEQLK,PRM_2016_2_7.raw,0.9936,4952762368
sp|P02769|ALBU_BOVIN,ATEEQLK,PRM_2016_2_8.raw,0.996,5454499328
sp|P02769|ALBU_BOVIN,ATEEQLK,PRM_2016_2_9.raw,0.9962,4964592640
sp|P02769|ALBU_BOVIN,ATEEQLK,PRM_2016_2_10.raw,0.9974,4982086144
sp|P02769|ALBU_BOVIN,ATEEQLK,PRM_2016_3_1.raw,0.9954,6428874240
sp|P02769|ALBU_BOVIN,ATEEQLK,PRM_2016_3_2.raw,0.9954,5221008384
sp|P02769|ALBU_BOVIN,ATEEQLK,PRM_2016_3_3.raw,0.994,5157644800
sp|P02769|ALBU_BOVIN,ATEEQLK,PRM_2016_3_4.raw,0.9927,4574112768
sp|P02769|ALBU_BOVIN,ATEEQLK,PRM_2016_3_5.raw,0.9948,4651056128
