Protein Name,Total Area Fragment,Peptide Sequence,File Name
qc|PRTC|PRTC_Thermo,526480992,SSAAPPPPPR,SS01.raw
qc|PRTC|PRTC_Thermo,669909376,SSAAPPPPPR,SS02.raw
qc|PRTC|PRTC_Thermo,587683648,SSAAPPPPPR,SS03.raw
qc|PRTC|PRTC_Thermo,622074176,SSAAPPPPPR,SS04.raw
qc|PRTC|PRTC_Thermo,1052943808,SSAAPPPPPR,SS05.raw
qc|PRTC|PRTC_Thermo,350331936,SSAAPPPPPR,SS06.raw
qc|PRTC|PRTC_Thermo,432930496,SSAAPPPPPR,SS07.raw
qc|PRTC|PRTC_Thermo,353820640,SSAAPPPPPR,SS08.raw
qc|PRTC|PRTC_Thermo,307264000,SSAAPPPPPR,SS09.raw
qc|PRTC|PRTC_Thermo,308315296,SSAAPPPPPR,SS10.raw
qc|PRTC|PRTC_Thermo,362621888,SSAAPPPPPR,SS11.raw
qc|PRTC|PRTC_Thermo,302182784,SSAAPPPPPR,SS12.raw
qc|PRTC|PRTC_Thermo,250859664,SSAAPPPPPR,SS13.raw
qc|PRTC|PRTC_Thermo,359600032,SSAAPPPPPR,SS14.raw
qc|PRTC|PRTC_Thermo,297773664,SSAAPPPPPR,SS15.raw
qc|PRTC|PRTC_Thermo,242271344,SSAAPPPPPR,SS16.raw
qc|PRTC|PRTC_Thermo,242210928,SSAAPPPPPR,SS17.raw
qc|PRTC|PRTC_Thermo,1601433472,SSAAPPPPPR,SS18.raw
qc|PRTC|PRTC_Thermo,1396533632,SSAAPPPPPR,SS19.raw
qc|PRTC|PRTC_Thermo,1287118592,SSAAPPPPPR,SS20.raw
qc|PRTC|PRTC_Thermo,1264001152,SSAAPPPPPR,SS21.raw
qc|PRTC|PRTC_Thermo,845708288,SSAAPPPPPR,SS22.raw
qc|PRTC|PRTC_Thermo,645830848,SSAAPPPPPR,SS23.raw
qc|PRTC|PRTC_Thermo,874091072,SSAAPPPPPR,SS24.raw
qc|PRTC|PRTC_Thermo,876002816,SSAAPPPPPR,SS25.raw
qc|PRTC|PRTC_Thermo,743000384,SSAAPPPPPR,SS26.raw
qc|PRTC|PRTC_Thermo,766791744,SSAAPPPPPR,SS27.raw
qc|PRTC|PRTC_Thermo,735061120,SSAAPPPPPR,SS28.raw
qc|PRTC|PRTC_Thermo,766879168,SSAAPPPPPR,SS29.raw
qc|PRTC|PRTC_Thermo,841932416,SSAAPPPPPR,SS30.raw
qc|PRTC|PRTC_Thermo,714026560,SSAAPPPPPR,SS31.raw
qc|PRTC|PRTC_Thermo,652780480,SSAAPPPPPR,SS32.raw
qc|PRTC|PRTC_Thermo,701633088,SSAAPPPPPR,SS33.raw
qc|PRTC|PRTC_Thermo,685553984,SSAAPPPPPR,SS34.raw
qc|PRTC|PRTC_Thermo,697025280,SSAAPPPPPR,SS35.raw
qc|PRTC|PRTC_Thermo,709421120,SSAAPPPPPR,SS36.raw
qc|PRTC|PRTC_Thermo,722357568,SSAAPPPPPR,SS37.raw
qc|PRTC|PRTC_Thermo,571261568,SSAAPPPPPR,SS38.raw
qc|PRTC|PRTC_Thermo,482720032,SSAAPPPPPR,SS39.raw
qc|PRTC|PRTC_Thermo,577510592,SSAAPPPPPR,SS40.raw
qc|PRTC|PRTC_Thermo,527339904,SSAAPPPPPR,SS41.raw
qc|PRTC|PRTC_Thermo,721927488,SSAAPPPPPR,SS42.raw
qc|PRTC|PRTC_Thermo,791769984,SSAAPPPPPR,SS43.raw
qc|PRTC|PRTC_Thermo,810344128,SSAAPPPPPR,SS44.raw
qc|PRTC|PRTC_Thermo,789328896,SSAAPPPPPR,SS45.raw
qc|PRTC|PRTC_Thermo,838041024,SSAAPPPPPR,SS46.raw
qc|PRTC|PRTC_Thermo,950390208,SSAAPPPPPR,SS47.raw
qc|PRTC|PRTC_Thermo,840783680,SSAAPPPPPR,SS48.raw
qc|PRTC|PRTC_Thermo,468146240,GISNEGQNASIK,SS01.raw
qc|PRTC|PRTC_Thermo,520314912,GISNEGQNASIK,SS02.raw
qc|PRTC|PRTC_Thermo,563495808,GISNEGQNASIK,SS03.raw
qc|PRTC|PRTC_Thermo,511965504,GISNEGQNASIK,SS04.raw
qc|PRTC|PRTC_Thermo,922041600,GISNEGQNASIK,SS05.raw
qc|PRTC|PRTC_Thermo,275859264,GISNEGQNASIK,SS06.raw
qc|PRTC|PRTC_Thermo,357843008,GISNEGQNASIK,SS07.raw
qc|PRTC|PRTC_Thermo,280390624,GISNEGQNASIK,SS08.raw
qc|PRTC|PRTC_Thermo,252914064,GISNEGQNASIK,SS09.raw
qc|PRTC|PRTC_Thermo,264345632,GISNEGQNASIK,SS10.raw
qc|PRTC|PRTC_Thermo,301864256,GISNEGQNASIK,SS11.raw
qc|PRTC|PRTC_Thermo,246585296,GISNEGQNASIK,SS12.raw
qc|PRTC|PRTC_Thermo,209146128,GISNEGQNASIK,SS13.raw
qc|PRTC|PRTC_Thermo,286120928,GISNEGQNASIK,SS14.raw
qc|PRTC|PRTC_Thermo,262183680,GISNEGQNASIK,SS15.raw
qc|PRTC|PRTC_Thermo,204024128,GISNEGQNASIK,SS16.raw
qc|PRTC|PRTC_Thermo,204642576,GISNEGQNASIK,SS17.raw
qc|PRTC|PRTC_Thermo,978055680,GISNEGQNASIK,SS18.raw
qc|PRTC|PRTC_Thermo,968829888,GISNEGQNASIK,SS19.raw
qc|PRTC|PRTC_Thermo,840305792,GISNEGQNASIK,SS20.raw
qc|PRTC|PRTC_Thermo,817341760,GISNEGQNASIK,SS21.raw
qc|PRTC|PRTC_Thermo,560372160,GISNEGQNASIK,SS22.raw
qc|PRTC|PRTC_Thermo,379170016,GISNEGQNASIK,SS23.raw
qc|PRTC|PRTC_Thermo,541806464,GISNEGQNASIK,SS24.raw
qc|PRTC|PRTC_Thermo,607250944,GISNEGQNASIK,SS25.raw
qc|PRTC|PRTC_Thermo,422608032,GISNEGQNASIK,SS26.raw
qc|PRTC|PRTC_Thermo,429009728,GISNEGQNASIK,SS27.raw
qc|PRTC|PRTC_Thermo,401012608,GISNEGQNASIK,SS28.raw
qc|PRTC|PRTC_Thermo,398818944,GISNEGQNASIK,SS29.raw
qc|PRTC|PRTC_Thermo,477783168,GISNEGQNASIK,SS30.raw
qc|PRTC|PRTC_Thermo,382136256,GISNEGQNASIK,SS31.raw
qc|PRTC|PRTC_Thermo,367780192,GISNEGQNASIK,SS32.raw
qc|PRTC|PRTC_Thermo,358458688,GISNEGQNASIK,SS33.raw
qc|PRTC|PRTC_Thermo,379129280,GISNEGQNASIK,SS34.raw
qc|PRTC|PRTC_Thermo,400051072,GISNEGQNASIK,SS35.raw
qc|PRTC|PRTC_Thermo,389975552,GISNEGQNASIK,SS36.raw
qc|PRTC|PRTC_Thermo,446583776,GISNEGQNASIK,SS37.raw
qc|PRTC|PRTC_Thermo,536415584,GISNEGQNASIK,SS38.raw
qc|PRTC|PRTC_Thermo,396603232,GISNEGQNASIK,SS39.raw
qc|PRTC|PRTC_Thermo,375658176,GISNEGQNASIK,SS40.raw
qc|PRTC|PRTC_Thermo,330017056,GISNEGQNASIK,SS41.raw
qc|PRTC|PRTC_Thermo,603266240,GISNEGQNASIK,SS42.raw
qc|PRTC|PRTC_Thermo,694414592,GISNEGQNASIK,SS43.raw
qc|PRTC|PRTC_Thermo,691943744,GISNEGQNASIK,SS44.raw
qc|PRTC|PRTC_Thermo,614773376,GISNEGQNASIK,SS45.raw
qc|PRTC|PRTC_Thermo,613670656,GISNEGQNASIK,SS46.raw
qc|PRTC|PRTC_Thermo,636054144,GISNEGQNASIK,SS47.raw
qc|PRTC|PRTC_Thermo,569091648,GISNEGQNASIK,SS48.raw
qc|PRTC|PRTC_Thermo,337532096,HVLTSIGEK,SS01.raw
qc|PRTC|PRTC_Thermo,390939744,HVLTSIGEK,SS02.raw
qc|PRTC|PRTC_Thermo,426313472,HVLTSIGEK,SS03.raw
qc|PRTC|PRTC_Thermo,442727008,HVLTSIGEK,SS04.raw
qc|PRTC|PRTC_Thermo,749407808,HVLTSIGEK,SS05.raw
qc|PRTC|PRTC_Thermo,254368240,HVLTSIGEK,SS06.raw
qc|PRTC|PRTC_Thermo,301872032,HVLTSIGEK,SS07.raw
qc|PRTC|PRTC_Thermo,243173680,HVLTSIGEK,SS08.raw
qc|PRTC|PRTC_Thermo,230959216,HVLTSIGEK,SS09.raw
qc|PRTC|PRTC_Thermo,223391280,HVLTSIGEK,SS10.raw
qc|PRTC|PRTC_Thermo,239194368,HVLTSIGEK,SS11.raw
qc|PRTC|PRTC_Thermo,211604272,HVLTSIGEK,SS12.raw
qc|PRTC|PRTC_Thermo,196804304,HVLTSIGEK,SS13.raw
qc|PRTC|PRTC_Thermo,240577968,HVLTSIGEK,SS14.raw
qc|PRTC|PRTC_Thermo,219007344,HVLTSIGEK,SS15.raw
qc|PRTC|PRTC_Thermo,172740016,HVLTSIGEK,SS16.raw
qc|PRTC|PRTC_Thermo,172489840,HVLTSIGEK,SS17.raw
qc|PRTC|PRTC_Thermo,945113408,HVLTSIGEK,SS18.raw
qc|PRTC|PRTC_Thermo,876371968,HVLTSIGEK,SS19.raw
qc|PRTC|PRTC_Thermo,787182080,HVLTSIGEK,SS20.raw
qc|PRTC|PRTC_Thermo,816499712,HVLTSIGEK,SS21.raw
qc|PRTC|PRTC_Thermo,537257984,HVLTSIGEK,SS22.raw
qc|PRTC|PRTC_Thermo,422943360,HVLTSIGEK,SS23.raw
qc|PRTC|PRTC_Thermo,518455168,HVLTSIGEK,SS24.raw
qc|PRTC|PRTC_Thermo,539184000,HVLTSIGEK,SS25.raw
qc|PRTC|PRTC_Thermo,429721888,HVLTSIGEK,SS26.raw
qc|PRTC|PRTC_Thermo,459149440,HVLTSIGEK,SS27.raw
qc|PRTC|PRTC_Thermo,449000128,HVLTSIGEK,SS28.raw
qc|PRTC|PRTC_Thermo,439564960,HVLTSIGEK,SS29.raw
qc|PRTC|PRTC_Thermo,572621312,HVLTSIGEK,SS30.raw
qc|PRTC|PRTC_Thermo,446520320,HVLTSIGEK,SS31.raw
qc|PRTC|PRTC_Thermo,449408160,HVLTSIGEK,SS32.raw
qc|PRTC|PRTC_Thermo,452450624,HVLTSIGEK,SS33.raw
qc|PRTC|PRTC_Thermo,444594304,HVLTSIGEK,SS34.raw
qc|PRTC|PRTC_Thermo,427400128,HVLTSIGEK,SS35.raw
qc|PRTC|PRTC_Thermo,455719232,HVLTSIGEK,SS36.raw
qc|PRTC|PRTC_Thermo,463556320,HVLTSIGEK,SS37.raw
qc|PRTC|PRTC_Thermo,377814144,HVLTSIGEK,SS38.raw
qc|PRTC|PRTC_Thermo,367837760,HVLTSIGEK,SS39.raw
qc|PRTC|PRTC_Thermo,397919552,HVLTSIGEK,SS40.raw
qc|PRTC|PRTC_Thermo,351113760,HVLTSIGEK,SS41.raw
qc|PRTC|PRTC_Thermo,550302592,HVLTSIGEK,SS42.raw
qc|PRTC|PRTC_Thermo,594250624,HVLTSIGEK,SS43.raw
qc|PRTC|PRTC_Thermo,582777408,HVLTSIGEK,SS44.raw
qc|PRTC|PRTC_Thermo,588791936,HVLTSIGEK,SS45.raw
qc|PRTC|PRTC_Thermo,640245376,HVLTSIGEK,SS46.raw
qc|PRTC|PRTC_Thermo,714537152,HVLTSIGEK,SS47.raw
qc|PRTC|PRTC_Thermo,634928576,HVLTSIGEK,SS48.raw
qc|PRTC|PRTC_Thermo,1282568704,DIPVPKPK,SS01.raw
qc|PRTC|PRTC_Thermo,1327574528,DIPVPKPK,SS02.raw
qc|PRTC|PRTC_Thermo,1442456704,DIPVPKPK,SS03.raw
qc|PRTC|PRTC_Thermo,1338929408,DIPVPKPK,SS04.raw
qc|PRTC|PRTC_Thermo,2239735552,DIPVPKPK,SS05.raw
qc|PRTC|PRTC_Thermo,752572096,DIPVPKPK,SS06.raw
qc|PRTC|PRTC_Thermo,995511872,DIPVPKPK,SS07.raw
qc|PRTC|PRTC_Thermo,799236864,DIPVPKPK,SS08.raw
qc|PRTC|PRTC_Thermo,674383296,DIPVPKPK,SS09.raw
qc|PRTC|PRTC_Thermo,715793984,DIPVPKPK,SS10.raw
qc|PRTC|PRTC_Thermo,845772800,DIPVPKPK,SS11.raw
qc|PRTC|PRTC_Thermo,684384192,DIPVPKPK,SS12.raw
qc|PRTC|PRTC_Thermo,586110976,DIPVPKPK,SS13.raw
qc|PRTC|PRTC_Thermo,851630784,DIPVPKPK,SS14.raw
qc|PRTC|PRTC_Thermo,771245184,DIPVPKPK,SS15.raw
qc|PRTC|PRTC_Thermo,565782144,DIPVPKPK,SS16.raw
qc|PRTC|PRTC_Thermo,584959104,DIPVPKPK,SS17.raw
qc|PRTC|PRTC_Thermo,2886197760,DIPVPKPK,SS18.raw
qc|PRTC|PRTC_Thermo,2629526272,DIPVPKPK,SS19.raw
qc|PRTC|PRTC_Thermo,2467734272,DIPVPKPK,SS20.raw
qc|PRTC|PRTC_Thermo,2364189440,DIPVPKPK,SS21.raw
qc|PRTC|PRTC_Thermo,1616764928,DIPVPKPK,SS22.raw
qc|PRTC|PRTC_Thermo,1443457152,DIPVPKPK,SS23.raw
qc|PRTC|PRTC_Thermo,1636991616,DIPVPKPK,SS24.raw
qc|PRTC|PRTC_Thermo,1725913216,DIPVPKPK,SS25.raw
qc|PRTC|PRTC_Thermo,1098386432,DIPVPKPK,SS26.raw
qc|PRTC|PRTC_Thermo,1131902080,DIPVPKPK,SS27.raw
qc|PRTC|PRTC_Thermo,1134768896,DIPVPKPK,SS28.raw
qc|PRTC|PRTC_Thermo,1222484992,DIPVPKPK,SS29.raw
qc|PRTC|PRTC_Thermo,1793589376,DIPVPKPK,SS30.raw
qc|PRTC|PRTC_Thermo,1323586560,DIPVPKPK,SS31.raw
qc|PRTC|PRTC_Thermo,1338268416,DIPVPKPK,SS32.raw
qc|PRTC|PRTC_Thermo,1318991744,DIPVPKPK,SS33.raw
qc|PRTC|PRTC_Thermo,1173488000,DIPVPKPK,SS34.raw
qc|PRTC|PRTC_Thermo,1243284864,DIPVPKPK,SS35.raw
qc|PRTC|PRTC_Thermo,1245107712,DIPVPKPK,SS36.raw
qc|PRTC|PRTC_Thermo,1262603392,DIPVPKPK,SS37.raw
qc|PRTC|PRTC_Thermo,1216699520,DIPVPKPK,SS38.raw
qc|PRTC|PRTC_Thermo,985689600,DIPVPKPK,SS39.raw
qc|PRTC|PRTC_Thermo,1205321088,DIPVPKPK,SS40.raw
qc|PRTC|PRTC_Thermo,1053641088,DIPVPKPK,SS41.raw
qc|PRTC|PRTC_Thermo,1303497984,DIPVPKPK,SS42.raw
qc|PRTC|PRTC_Thermo,1383534208,DIPVPKPK,SS43.raw
qc|PRTC|PRTC_Thermo,1449564032,DIPVPKPK,SS44.raw
qc|PRTC|PRTC_Thermo,1615249664,DIPVPKPK,SS45.raw
qc|PRTC|PRTC_Thermo,1423405056,DIPVPKPK,SS46.raw
qc|PRTC|PRTC_Thermo,1755460352,DIPVPKPK,SS47.raw
qc|PRTC|PRTC_Thermo,1598227712,DIPVPKPK,SS48.raw
qc|PRTC|PRTC_Thermo,219678416,IGDYAGIK,SS01.raw
qc|PRTC|PRTC_Thermo,235991728,IGDYAGIK,SS02.raw
qc|PRTC|PRTC_Thermo,282190976,IGDYAGIK,SS03.raw
qc|PRTC|PRTC_Thermo,265374208,IGDYAGIK,SS04.raw
qc|PRTC|PRTC_Thermo,433934016,IGDYAGIK,SS05.raw
qc|PRTC|PRTC_Thermo,143560352,IGDYAGIK,SS06.raw
qc|PRTC|PRTC_Thermo,172863968,IGDYAGIK,SS07.raw
qc|PRTC|PRTC_Thermo,148134624,IGDYAGIK,SS08.raw
qc|PRTC|PRTC_Thermo,140853664,IGDYAGIK,SS09.raw
qc|PRTC|PRTC_Thermo,132278992,IGDYAGIK,SS10.raw
qc|PRTC|PRTC_Thermo,145421440,IGDYAGIK,SS11.raw
qc|PRTC|PRTC_Thermo,131673808,IGDYAGIK,SS12.raw
qc|PRTC|PRTC_Thermo,114905280,IGDYAGIK,SS13.raw
qc|PRTC|PRTC_Thermo,145503952,IGDYAGIK,SS14.raw
qc|PRTC|PRTC_Thermo,127746752,IGDYAGIK,SS15.raw
qc|PRTC|PRTC_Thermo,103327928,IGDYAGIK,SS16.raw
qc|PRTC|PRTC_Thermo,107696448,IGDYAGIK,SS17.raw
qc|PRTC|PRTC_Thermo,671174400,IGDYAGIK,SS18.raw
qc|PRTC|PRTC_Thermo,586528192,IGDYAGIK,SS19.raw
qc|PRTC|PRTC_Thermo,521846304,IGDYAGIK,SS20.raw
qc|PRTC|PRTC_Thermo,523102560,IGDYAGIK,SS21.raw
qc|PRTC|PRTC_Thermo,375423872,IGDYAGIK,SS22.raw
qc|PRTC|PRTC_Thermo,391066080,IGDYAGIK,SS23.raw
qc|PRTC|PRTC_Thermo,386387424,IGDYAGIK,SS24.raw
qc|PRTC|PRTC_Thermo,409556512,IGDYAGIK,SS25.raw
qc|PRTC|PRTC_Thermo,340726432,IGDYAGIK,SS26.raw
qc|PRTC|PRTC_Thermo,364079808,IGDYAGIK,SS27.raw
qc|PRTC|PRTC_Thermo,345467424,IGDYAGIK,SS28.raw
qc|PRTC|PRTC_Thermo,320663296,IGDYAGIK,SS29.raw
qc|PRTC|PRTC_Thermo,421953312,IGDYAGIK,SS30.raw
qc|PRTC|PRTC_Thermo,336172864,IGDYAGIK,SS31.raw
qc|PRTC|PRTC_Thermo,338002944,IGDYAGIK,SS32.raw
qc|PRTC|PRTC_Thermo,352877376,IGDYAGIK,SS33.raw
qc|PRTC|PRTC_Thermo,304086912,IGDYAGIK,SS34.raw
qc|PRTC|PRTC_Thermo,331450688,IGDYAGIK,SS35.raw
qc|PRTC|PRTC_Thermo,326621824,IGDYAGIK,SS36.raw
qc|PRTC|PRTC_Thermo,364243360,IGDYAGIK,SS37.raw
qc|PRTC|PRTC_Thermo,209306688,IGDYAGIK,SS38.raw
qc|PRTC|PRTC_Thermo,195923216,IGDYAGIK,SS39.raw
qc|PRTC|PRTC_Thermo,190686976,IGDYAGIK,SS40.raw
qc|PRTC|PRTC_Thermo,186669040,IGDYAGIK,SS41.raw
qc|PRTC|PRTC_Thermo,268908064,IGDYAGIK,SS42.raw
qc|PRTC|PRTC_Thermo,311834080,IGDYAGIK,SS43.raw
qc|PRTC|PRTC_Thermo,315264640,IGDYAGIK,SS44.raw
qc|PRTC|PRTC_Thermo,336067008,IGDYAGIK,SS45.raw
qc|PRTC|PRTC_Thermo,327446944,IGDYAGIK,SS46.raw
qc|PRTC|PRTC_Thermo,383214752,IGDYAGIK,SS47.raw
qc|PRTC|PRTC_Thermo,339255680,IGDYAGIK,SS48.raw
qc|PRTC|PRTC_Thermo,780881344,TASEFDSAIAQDK,SS01.raw
qc|PRTC|PRTC_Thermo,788155136,TASEFDSAIAQDK,SS02.raw
qc|PRTC|PRTC_Thermo,898598016,TASEFDSAIAQDK,SS03.raw
qc|PRTC|PRTC_Thermo,755379328,TASEFDSAIAQDK,SS04.raw
qc|PRTC|PRTC_Thermo,1331480960,TASEFDSAIAQDK,SS05.raw
qc|PRTC|PRTC_Thermo,401459776,TASEFDSAIAQDK,SS06.raw
qc|PRTC|PRTC_Thermo,503070208,TASEFDSAIAQDK,SS07.raw
qc|PRTC|PRTC_Thermo,389588160,TASEFDSAIAQDK,SS08.raw
qc|PRTC|PRTC_Thermo,387643360,TASEFDSAIAQDK,SS09.raw
qc|PRTC|PRTC_Thermo,364002848,TASEFDSAIAQDK,SS10.raw
qc|PRTC|PRTC_Thermo,428792896,TASEFDSAIAQDK,SS11.raw
qc|PRTC|PRTC_Thermo,347766848,TASEFDSAIAQDK,SS12.raw
qc|PRTC|PRTC_Thermo,354639680,TASEFDSAIAQDK,SS13.raw
qc|PRTC|PRTC_Thermo,419959360,TASEFDSAIAQDK,SS14.raw
qc|PRTC|PRTC_Thermo,361073856,TASEFDSAIAQDK,SS15.raw
qc|PRTC|PRTC_Thermo,271177152,TASEFDSAIAQDK,SS16.raw
qc|PRTC|PRTC_Thermo,315315456,TASEFDSAIAQDK,SS17.raw
qc|PRTC|PRTC_Thermo,1507860480,TASEFDSAIAQDK,SS18.raw
qc|PRTC|PRTC_Thermo,1360109568,TASEFDSAIAQDK,SS19.raw
qc|PRTC|PRTC_Thermo,1278424320,TASEFDSAIAQDK,SS20.raw
qc|PRTC|PRTC_Thermo,1221580928,TASEFDSAIAQDK,SS21.raw
qc|PRTC|PRTC_Thermo,826064768,TASEFDSAIAQDK,SS22.raw
qc|PRTC|PRTC_Thermo,906034240,TASEFDSAIAQDK,SS23.raw
qc|PRTC|PRTC_Thermo,860380928,TASEFDSAIAQDK,SS24.raw
qc|PRTC|PRTC_Thermo,893348288,TASEFDSAIAQDK,SS25.raw
qc|PRTC|PRTC_Thermo,774386432,TASEFDSAIAQDK,SS26.raw
qc|PRTC|PRTC_Thermo,721383360,TASEFDSAIAQDK,SS27.raw
qc|PRTC|PRTC_Thermo,741539968,TASEFDSAIAQDK,SS28.raw
qc|PRTC|PRTC_Thermo,763173184,TASEFDSAIAQDK,SS29.raw
qc|PRTC|PRTC_Thermo,913840128,TASEFDSAIAQDK,SS30.raw
qc|PRTC|PRTC_Thermo,747768832,TASEFDSAIAQDK,SS31.raw
qc|PRTC|PRTC_Thermo,790950592,TASEFDSAIAQDK,SS32.raw
qc|PRTC|PRTC_Thermo,819136768,TASEFDSAIAQDK,SS33.raw
qc|PRTC|PRTC_Thermo,732978112,TASEFDSAIAQDK,SS34.raw
qc|PRTC|PRTC_Thermo,732553408,TASEFDSAIAQDK,SS35.raw
qc|PRTC|PRTC_Thermo,782633088,TASEFDSAIAQDK,SS36.raw
qc|PRTC|PRTC_Thermo,843183936,TASEFDSAIAQDK,SS37.raw
qc|PRTC|PRTC_Thermo,824899200,TASEFDSAIAQDK,SS38.raw
qc|PRTC|PRTC_Thermo,844444992,TASEFDSAIAQDK,SS39.raw
qc|PRTC|PRTC_Thermo,868372864,TASEFDSAIAQDK,SS40.raw
qc|PRTC|PRTC_Thermo,720217536,TASEFDSAIAQDK,SS41.raw
qc|PRTC|PRTC_Thermo,952459072,TASEFDSAIAQDK,SS42.raw
qc|PRTC|PRTC_Thermo,1075245568,TASEFDSAIAQDK,SS43.raw
qc|PRTC|PRTC_Thermo,1183074688,TASEFDSAIAQDK,SS44.raw
qc|PRTC|PRTC_Thermo,1300034432,TASEFDSAIAQDK,SS45.raw
qc|PRTC|PRTC_Thermo,1250616960,TASEFDSAIAQDK,SS46.raw
qc|PRTC|PRTC_Thermo,1407928064,TASEFDSAIAQDK,SS47.raw
qc|PRTC|PRTC_Thermo,1416790272,TASEFDSAIAQDK,SS48.raw
qc|PRTC|PRTC_Thermo,1559960960,SAAGAFGPELSR,SS01.raw
qc|PRTC|PRTC_Thermo,1461038720,SAAGAFGPELSR,SS02.raw
qc|PRTC|PRTC_Thermo,1889371776,SAAGAFGPELSR,SS03.raw
qc|PRTC|PRTC_Thermo,1717054080,SAAGAFGPELSR,SS04.raw
qc|PRTC|PRTC_Thermo,2471211008,SAAGAFGPELSR,SS05.raw
qc|PRTC|PRTC_Thermo,677979200,SAAGAFGPELSR,SS06.raw
qc|PRTC|PRTC_Thermo,902507136,SAAGAFGPELSR,SS07.raw
qc|PRTC|PRTC_Thermo,697027968,SAAGAFGPELSR,SS08.raw
qc|PRTC|PRTC_Thermo,738389312,SAAGAFGPELSR,SS09.raw
qc|PRTC|PRTC_Thermo,606005248,SAAGAFGPELSR,SS10.raw
qc|PRTC|PRTC_Thermo,722246144,SAAGAFGPELSR,SS11.raw
qc|PRTC|PRTC_Thermo,565121984,SAAGAFGPELSR,SS12.raw
qc|PRTC|PRTC_Thermo,667188096,SAAGAFGPELSR,SS13.raw
qc|PRTC|PRTC_Thermo,748167104,SAAGAFGPELSR,SS14.raw
qc|PRTC|PRTC_Thermo,632622336,SAAGAFGPELSR,SS15.raw
qc|PRTC|PRTC_Thermo,426994784,SAAGAFGPELSR,SS16.raw
qc|PRTC|PRTC_Thermo,519266208,SAAGAFGPELSR,SS17.raw
qc|PRTC|PRTC_Thermo,2521286400,SAAGAFGPELSR,SS18.raw
qc|PRTC|PRTC_Thermo,2595097600,SAAGAFGPELSR,SS19.raw
qc|PRTC|PRTC_Thermo,2257649664,SAAGAFGPELSR,SS20.raw
qc|PRTC|PRTC_Thermo,1998086272,SAAGAFGPELSR,SS21.raw
qc|PRTC|PRTC_Thermo,1442814464,SAAGAFGPELSR,SS22.raw
qc|PRTC|PRTC_Thermo,1498882304,SAAGAFGPELSR,SS23.raw
qc|PRTC|PRTC_Thermo,1510814208,SAAGAFGPELSR,SS24.raw
qc|PRTC|PRTC_Thermo,1596932480,SAAGAFGPELSR,SS25.raw
qc|PRTC|PRTC_Thermo,1337390464,SAAGAFGPELSR,SS26.raw
qc|PRTC|PRTC_Thermo,1335619072,SAAGAFGPELSR,SS27.raw
qc|PRTC|PRTC_Thermo,1266916608,SAAGAFGPELSR,SS28.raw
qc|PRTC|PRTC_Thermo,1287867520,SAAGAFGPELSR,SS29.raw
qc|PRTC|PRTC_Thermo,1670275712,SAAGAFGPELSR,SS30.raw
qc|PRTC|PRTC_Thermo,1310219648,SAAGAFGPELSR,SS31.raw
qc|PRTC|PRTC_Thermo,1327074304,SAAGAFGPELSR,SS32.raw
qc|PRTC|PRTC_Thermo,1431668480,SAAGAFGPELSR,SS33.raw
qc|PRTC|PRTC_Thermo,1239098496,SAAGAFGPELSR,SS34.raw
qc|PRTC|PRTC_Thermo,1237247104,SAAGAFGPELSR,SS35.raw
qc|PRTC|PRTC_Thermo,1289095936,SAAGAFGPELSR,SS36.raw
qc|PRTC|PRTC_Thermo,1350740992,SAAGAFGPELSR,SS37.raw
qc|PRTC|PRTC_Thermo,1509158656,SAAGAFGPELSR,SS38.raw
qc|PRTC|PRTC_Thermo,1432281344,SAAGAFGPELSR,SS39.raw
qc|PRTC|PRTC_Thermo,1510409344,SAAGAFGPELSR,SS40.raw
qc|PRTC|PRTC_Thermo,1423228544,SAAGAFGPELSR,SS41.raw
qc|PRTC|PRTC_Thermo,1781900800,SAAGAFGPELSR,SS42.raw
qc|PRTC|PRTC_Thermo,2031254528,SAAGAFGPELSR,SS43.raw
qc|PRTC|PRTC_Thermo,2029912192,SAAGAFGPELSR,SS44.raw
qc|PRTC|PRTC_Thermo,2267301376,SAAGAFGPELSR,SS45.raw
qc|PRTC|PRTC_Thermo,2150101248,SAAGAFGPELSR,SS46.raw
qc|PRTC|PRTC_Thermo,2446663936,SAAGAFGPELSR,SS47.raw
qc|PRTC|PRTC_Thermo,2531867392,SAAGAFGPELSR,SS48.raw
qc|PRTC|PRTC_Thermo,754368896,ELGQSGVDTYLQTK,SS01.raw
qc|PRTC|PRTC_Thermo,763948992,ELGQSGVDTYLQTK,SS02.raw
qc|PRTC|PRTC_Thermo,830559744,ELGQSGVDTYLQTK,SS03.raw
qc|PRTC|PRTC_Thermo,751997312,ELGQSGVDTYLQTK,SS04.raw
qc|PRTC|PRTC_Thermo,1197236864,ELGQSGVDTYLQTK,SS05.raw
qc|PRTC|PRTC_Thermo,340971072,ELGQSGVDTYLQTK,SS06.raw
qc|PRTC|PRTC_Thermo,471495232,ELGQSGVDTYLQTK,SS07.raw
qc|PRTC|PRTC_Thermo,341073600,ELGQSGVDTYLQTK,SS08.raw
qc|PRTC|PRTC_Thermo,366457536,ELGQSGVDTYLQTK,SS09.raw
qc|PRTC|PRTC_Thermo,325294752,ELGQSGVDTYLQTK,SS10.raw
qc|PRTC|PRTC_Thermo,367365568,ELGQSGVDTYLQTK,SS11.raw
qc|PRTC|PRTC_Thermo,310373792,ELGQSGVDTYLQTK,SS12.raw
qc|PRTC|PRTC_Thermo,333541440,ELGQSGVDTYLQTK,SS13.raw
qc|PRTC|PRTC_Thermo,376847040,ELGQSGVDTYLQTK,SS14.raw
qc|PRTC|PRTC_Thermo,309073440,ELGQSGVDTYLQTK,SS15.raw
qc|PRTC|PRTC_Thermo,242598976,ELGQSGVDTYLQTK,SS16.raw
qc|PRTC|PRTC_Thermo,280900480,ELGQSGVDTYLQTK,SS17.raw
qc|PRTC|PRTC_Thermo,1242792064,ELGQSGVDTYLQTK,SS18.raw
qc|PRTC|PRTC_Thermo,1289940224,ELGQSGVDTYLQTK,SS19.raw
qc|PRTC|PRTC_Thermo,1113871744,ELGQSGVDTYLQTK,SS20.raw
qc|PRTC|PRTC_Thermo,1063766336,ELGQSGVDTYLQTK,SS21.raw
qc|PRTC|PRTC_Thermo,549844864,ELGQSGVDTYLQTK,SS22.raw
qc|PRTC|PRTC_Thermo,585720320,ELGQSGVDTYLQTK,SS23.raw
qc|PRTC|PRTC_Thermo,591448320,ELGQSGVDTYLQTK,SS24.raw
qc|PRTC|PRTC_Thermo,612722112,ELGQSGVDTYLQTK,SS25.raw
qc|PRTC|PRTC_Thermo,571475840,ELGQSGVDTYLQTK,SS26.raw
qc|PRTC|PRTC_Thermo,571699008,ELGQSGVDTYLQTK,SS27.raw
qc|PRTC|PRTC_Thermo,552794944,ELGQSGVDTYLQTK,SS28.raw
qc|PRTC|PRTC_Thermo,571668608,ELGQSGVDTYLQTK,SS29.raw
qc|PRTC|PRTC_Thermo,687224128,ELGQSGVDTYLQTK,SS30.raw
qc|PRTC|PRTC_Thermo,578102592,ELGQSGVDTYLQTK,SS31.raw
qc|PRTC|PRTC_Thermo,595859904,ELGQSGVDTYLQTK,SS32.raw
qc|PRTC|PRTC_Thermo,554732352,ELGQSGVDTYLQTK,SS33.raw
qc|PRTC|PRTC_Thermo,506356192,ELGQSGVDTYLQTK,SS34.raw
qc|PRTC|PRTC_Thermo,517977280,ELGQSGVDTYLQTK,SS35.raw
qc|PRTC|PRTC_Thermo,558056256,ELGQSGVDTYLQTK,SS36.raw
qc|PRTC|PRTC_Thermo,557760256,ELGQSGVDTYLQTK,SS37.raw
qc|PRTC|PRTC_Thermo,775254912,ELGQSGVDTYLQTK,SS38.raw
qc|PRTC|PRTC_Thermo,701367552,ELGQSGVDTYLQTK,SS39.raw
qc|PRTC|PRTC_Thermo,790349440,ELGQSGVDTYLQTK,SS40.raw
qc|PRTC|PRTC_Thermo,729760640,ELGQSGVDTYLQTK,SS41.raw
qc|PRTC|PRTC_Thermo,942534336,ELGQSGVDTYLQTK,SS42.raw
qc|PRTC|PRTC_Thermo,1009384640,ELGQSGVDTYLQTK,SS43.raw
qc|PRTC|PRTC_Thermo,1080946048,ELGQSGVDTYLQTK,SS44.raw
qc|PRTC|PRTC_Thermo,1166675712,ELGQSGVDTYLQTK,SS45.raw
qc|PRTC|PRTC_Thermo,1189673088,ELGQSGVDTYLQTK,SS46.raw
qc|PRTC|PRTC_Thermo,1315978496,ELGQSGVDTYLQTK,SS47.raw
qc|PRTC|PRTC_Thermo,1311473152,ELGQSGVDTYLQTK,SS48.raw
qc|PRTC|PRTC_Thermo,1790916864,GLILVGGYGTR,SS01.raw
qc|PRTC|PRTC_Thermo,1814754816,GLILVGGYGTR,SS02.raw
qc|PRTC|PRTC_Thermo,2216363264,GLILVGGYGTR,SS03.raw
qc|PRTC|PRTC_Thermo,2300185088,GLILVGGYGTR,SS04.raw
qc|PRTC|PRTC_Thermo,3272969984,GLILVGGYGTR,SS05.raw
qc|PRTC|PRTC_Thermo,918394368,GLILVGGYGTR,SS06.raw
qc|PRTC|PRTC_Thermo,1157362304,GLILVGGYGTR,SS07.raw
qc|PRTC|PRTC_Thermo,888965440,GLILVGGYGTR,SS08.raw
qc|PRTC|PRTC_Thermo,1003605184,GLILVGGYGTR,SS09.raw
qc|PRTC|PRTC_Thermo,780494272,GLILVGGYGTR,SS10.raw
qc|PRTC|PRTC_Thermo,878580992,GLILVGGYGTR,SS11.raw
qc|PRTC|PRTC_Thermo,712001472,GLILVGGYGTR,SS12.raw
qc|PRTC|PRTC_Thermo,796683136,GLILVGGYGTR,SS13.raw
qc|PRTC|PRTC_Thermo,919317824,GLILVGGYGTR,SS14.raw
qc|PRTC|PRTC_Thermo,755026816,GLILVGGYGTR,SS15.raw
qc|PRTC|PRTC_Thermo,681558848,GLILVGGYGTR,SS16.raw
qc|PRTC|PRTC_Thermo,641059200,GLILVGGYGTR,SS17.raw
qc|PRTC|PRTC_Thermo,3226850304,GLILVGGYGTR,SS18.raw
qc|PRTC|PRTC_Thermo,2876114688,GLILVGGYGTR,SS19.raw
qc|PRTC|PRTC_Thermo,2627308800,GLILVGGYGTR,SS20.raw
qc|PRTC|PRTC_Thermo,2632042752,GLILVGGYGTR,SS21.raw
qc|PRTC|PRTC_Thermo,2343642880,GLILVGGYGTR,SS22.raw
qc|PRTC|PRTC_Thermo,2503525632,GLILVGGYGTR,SS23.raw
qc|PRTC|PRTC_Thermo,2289780224,GLILVGGYGTR,SS24.raw
qc|PRTC|PRTC_Thermo,2620439040,GLILVGGYGTR,SS25.raw
qc|PRTC|PRTC_Thermo,2172531712,GLILVGGYGTR,SS26.raw
qc|PRTC|PRTC_Thermo,1937107840,GLILVGGYGTR,SS27.raw
qc|PRTC|PRTC_Thermo,2036969984,GLILVGGYGTR,SS28.raw
qc|PRTC|PRTC_Thermo,2003436928,GLILVGGYGTR,SS29.raw
qc|PRTC|PRTC_Thermo,2499665152,GLILVGGYGTR,SS30.raw
qc|PRTC|PRTC_Thermo,2410910208,GLILVGGYGTR,SS31.raw
qc|PRTC|PRTC_Thermo,2373059328,GLILVGGYGTR,SS32.raw
qc|PRTC|PRTC_Thermo,2186451456,GLILVGGYGTR,SS33.raw
qc|PRTC|PRTC_Thermo,2168659456,GLILVGGYGTR,SS34.raw
qc|PRTC|PRTC_Thermo,2017605120,GLILVGGYGTR,SS35.raw
qc|PRTC|PRTC_Thermo,2442842880,GLILVGGYGTR,SS36.raw
qc|PRTC|PRTC_Thermo,2183749120,GLILVGGYGTR,SS37.raw
qc|PRTC|PRTC_Thermo,1599760128,GLILVGGYGTR,SS38.raw
qc|PRTC|PRTC_Thermo,1450970624,GLILVGGYGTR,SS39.raw
qc|PRTC|PRTC_Thermo,1681627008,GLILVGGYGTR,SS40.raw
qc|PRTC|PRTC_Thermo,1576350208,GLILVGGYGTR,SS41.raw
qc|PRTC|PRTC_Thermo,2017374336,GLILVGGYGTR,SS42.raw
qc|PRTC|PRTC_Thermo,2384828672,GLILVGGYGTR,SS43.raw
qc|PRTC|PRTC_Thermo,2655419904,GLILVGGYGTR,SS44.raw
qc|PRTC|PRTC_Thermo,2545976576,GLILVGGYGTR,SS45.raw
qc|PRTC|PRTC_Thermo,2498405376,GLILVGGYGTR,SS46.raw
qc|PRTC|PRTC_Thermo,2854536960,GLILVGGYGTR,SS47.raw
qc|PRTC|PRTC_Thermo,2928246016,GLILVGGYGTR,SS48.raw
qc|PRTC|PRTC_Thermo,1415617280,GILFVGSGVSGGEEGAR,SS01.raw
qc|PRTC|PRTC_Thermo,1483528960,GILFVGSGVSGGEEGAR,SS02.raw
qc|PRTC|PRTC_Thermo,1771856256,GILFVGSGVSGGEEGAR,SS03.raw
qc|PRTC|PRTC_Thermo,1900750848,GILFVGSGVSGGEEGAR,SS04.raw
qc|PRTC|PRTC_Thermo,2561189632,GILFVGSGVSGGEEGAR,SS05.raw
qc|PRTC|PRTC_Thermo,682475264,GILFVGSGVSGGEEGAR,SS06.raw
qc|PRTC|PRTC_Thermo,898224704,GILFVGSGVSGGEEGAR,SS07.raw
qc|PRTC|PRTC_Thermo,704268416,GILFVGSGVSGGEEGAR,SS08.raw
qc|PRTC|PRTC_Thermo,781852736,GILFVGSGVSGGEEGAR,SS09.raw
qc|PRTC|PRTC_Thermo,583248384,GILFVGSGVSGGEEGAR,SS10.raw
qc|PRTC|PRTC_Thermo,671300032,GILFVGSGVSGGEEGAR,SS11.raw
qc|PRTC|PRTC_Thermo,528028928,GILFVGSGVSGGEEGAR,SS12.raw
qc|PRTC|PRTC_Thermo,569998784,GILFVGSGVSGGEEGAR,SS13.raw
qc|PRTC|PRTC_Thermo,644273984,GILFVGSGVSGGEEGAR,SS14.raw
qc|PRTC|PRTC_Thermo,541468224,GILFVGSGVSGGEEGAR,SS15.raw
qc|PRTC|PRTC_Thermo,457694624,GILFVGSGVSGGEEGAR,SS16.raw
qc|PRTC|PRTC_Thermo,447533312,GILFVGSGVSGGEEGAR,SS17.raw
qc|PRTC|PRTC_Thermo,2022385536,GILFVGSGVSGGEEGAR,SS18.raw
qc|PRTC|PRTC_Thermo,1945619584,GILFVGSGVSGGEEGAR,SS19.raw
qc|PRTC|PRTC_Thermo,1903238784,GILFVGSGVSGGEEGAR,SS20.raw
qc|PRTC|PRTC_Thermo,1870182528,GILFVGSGVSGGEEGAR,SS21.raw
qc|PRTC|PRTC_Thermo,1722080384,GILFVGSGVSGGEEGAR,SS22.raw
qc|PRTC|PRTC_Thermo,1995351296,GILFVGSGVSGGEEGAR,SS23.raw
qc|PRTC|PRTC_Thermo,2049164928,GILFVGSGVSGGEEGAR,SS24.raw
qc|PRTC|PRTC_Thermo,2134140928,GILFVGSGVSGGEEGAR,SS25.raw
qc|PRTC|PRTC_Thermo,2018727040,GILFVGSGVSGGEEGAR,SS26.raw
qc|PRTC|PRTC_Thermo,1953791488,GILFVGSGVSGGEEGAR,SS27.raw
qc|PRTC|PRTC_Thermo,1825751808,GILFVGSGVSGGEEGAR,SS28.raw
qc|PRTC|PRTC_Thermo,1833336448,GILFVGSGVSGGEEGAR,SS29.raw
qc|PRTC|PRTC_Thermo,2405423360,GILFVGSGVSGGEEGAR,SS30.raw
qc|PRTC|PRTC_Thermo,2110414592,GILFVGSGVSGGEEGAR,SS31.raw
qc|PRTC|PRTC_Thermo,2318912512,GILFVGSGVSGGEEGAR,SS32.raw
qc|PRTC|PRTC_Thermo,2248601856,GILFVGSGVSGGEEGAR,SS33.raw
qc|PRTC|PRTC_Thermo,2087879936,GILFVGSGVSGGEEGAR,SS34.raw
qc|PRTC|PRTC_Thermo,1809068288,GILFVGSGVSGGEEGAR,SS35.raw
qc|PRTC|PRTC_Thermo,2093547520,GILFVGSGVSGGEEGAR,SS36.raw
qc|PRTC|PRTC_Thermo,1838795264,GILFVGSGVSGGEEGAR,SS37.raw
qc|PRTC|PRTC_Thermo,1693447424,GILFVGSGVSGGEEGAR,SS38.raw
qc|PRTC|PRTC_Thermo,1777694080,GILFVGSGVSGGEEGAR,SS39.raw
qc|PRTC|PRTC_Thermo,1878631552,GILFVGSGVSGGEEGAR,SS40.raw
qc|PRTC|PRTC_Thermo,1852356352,GILFVGSGVSGGEEGAR,SS41.raw
qc|PRTC|PRTC_Thermo,2421111808,GILFVGSGVSGGEEGAR,SS42.raw
qc|PRTC|PRTC_Thermo,2676761600,GILFVGSGVSGGEEGAR,SS43.raw
qc|PRTC|PRTC_Thermo,2835831040,GILFVGSGVSGGEEGAR,SS44.raw
qc|PRTC|PRTC_Thermo,2963494656,GILFVGSGVSGGEEGAR,SS45.raw
qc|PRTC|PRTC_Thermo,2704203008,GILFVGSGVSGGEEGAR,SS46.raw
qc|PRTC|PRTC_Thermo,2935795200,GILFVGSGVSGGEEGAR,SS47.raw
qc|PRTC|PRTC_Thermo,2986274816,GILFVGSGVSGGEEGAR,SS48.raw
qc|PRTC|PRTC_Thermo,800616320,SFANQPLEVVYSK,SS01.raw
qc|PRTC|PRTC_Thermo,788692928,SFANQPLEVVYSK,SS02.raw
qc|PRTC|PRTC_Thermo,974311552,SFANQPLEVVYSK,SS03.raw
qc|PRTC|PRTC_Thermo,981367424,SFANQPLEVVYSK,SS04.raw
qc|PRTC|PRTC_Thermo,1204050176,SFANQPLEVVYSK,SS05.raw
qc|PRTC|PRTC_Thermo,370965504,SFANQPLEVVYSK,SS06.raw
qc|PRTC|PRTC_Thermo,488638464,SFANQPLEVVYSK,SS07.raw
qc|PRTC|PRTC_Thermo,369755200,SFANQPLEVVYSK,SS08.raw
qc|PRTC|PRTC_Thermo,447232448,SFANQPLEVVYSK,SS09.raw
qc|PRTC|PRTC_Thermo,332773504,SFANQPLEVVYSK,SS10.raw
qc|PRTC|PRTC_Thermo,394919296,SFANQPLEVVYSK,SS11.raw
qc|PRTC|PRTC_Thermo,321630720,SFANQPLEVVYSK,SS12.raw
qc|PRTC|PRTC_Thermo,363811232,SFANQPLEVVYSK,SS13.raw
qc|PRTC|PRTC_Thermo,410114304,SFANQPLEVVYSK,SS14.raw
qc|PRTC|PRTC_Thermo,340450560,SFANQPLEVVYSK,SS15.raw
qc|PRTC|PRTC_Thermo,313275200,SFANQPLEVVYSK,SS16.raw
qc|PRTC|PRTC_Thermo,302265472,SFANQPLEVVYSK,SS17.raw
qc|PRTC|PRTC_Thermo,1381035008,SFANQPLEVVYSK,SS18.raw
qc|PRTC|PRTC_Thermo,1299407104,SFANQPLEVVYSK,SS19.raw
qc|PRTC|PRTC_Thermo,1174397952,SFANQPLEVVYSK,SS20.raw
qc|PRTC|PRTC_Thermo,1144834304,SFANQPLEVVYSK,SS21.raw
qc|PRTC|PRTC_Thermo,748097152,SFANQPLEVVYSK,SS22.raw
qc|PRTC|PRTC_Thermo,880765312,SFANQPLEVVYSK,SS23.raw
qc|PRTC|PRTC_Thermo,840504448,SFANQPLEVVYSK,SS24.raw
qc|PRTC|PRTC_Thermo,889388736,SFANQPLEVVYSK,SS25.raw
qc|PRTC|PRTC_Thermo,716686784,SFANQPLEVVYSK,SS26.raw
qc|PRTC|PRTC_Thermo,709070464,SFANQPLEVVYSK,SS27.raw
qc|PRTC|PRTC_Thermo,697709248,SFANQPLEVVYSK,SS28.raw
qc|PRTC|PRTC_Thermo,690780544,SFANQPLEVVYSK,SS29.raw
qc|PRTC|PRTC_Thermo,939798656,SFANQPLEVVYSK,SS30.raw
qc|PRTC|PRTC_Thermo,814040000,SFANQPLEVVYSK,SS31.raw
qc|PRTC|PRTC_Thermo,907568960,SFANQPLEVVYSK,SS32.raw
qc|PRTC|PRTC_Thermo,847578752,SFANQPLEVVYSK,SS33.raw
qc|PRTC|PRTC_Thermo,804428416,SFANQPLEVVYSK,SS34.raw
qc|PRTC|PRTC_Thermo,690572160,SFANQPLEVVYSK,SS35.raw
qc|PRTC|PRTC_Thermo,812420352,SFANQPLEVVYSK,SS36.raw
qc|PRTC|PRTC_Thermo,762004352,SFANQPLEVVYSK,SS37.raw
qc|PRTC|PRTC_Thermo,889257728,SFANQPLEVVYSK,SS38.raw
qc|PRTC|PRTC_Thermo,882950144,SFANQPLEVVYSK,SS39.raw
qc|PRTC|PRTC_Thermo,918962880,SFANQPLEVVYSK,SS40.raw
qc|PRTC|PRTC_Thermo,846566912,SFANQPLEVVYSK,SS41.raw
qc|PRTC|PRTC_Thermo,1138379776,SFANQPLEVVYSK,SS42.raw
qc|PRTC|PRTC_Thermo,1245241600,SFANQPLEVVYSK,SS43.raw
qc|PRTC|PRTC_Thermo,1388589568,SFANQPLEVVYSK,SS44.raw
qc|PRTC|PRTC_Thermo,1312857088,SFANQPLEVVYSK,SS45.raw
qc|PRTC|PRTC_Thermo,1312413056,SFANQPLEVVYSK,SS46.raw
qc|PRTC|PRTC_Thermo,1491857152,SFANQPLEVVYSK,SS47.raw
qc|PRTC|PRTC_Thermo,1465822976,SFANQPLEVVYSK,SS48.raw
qc|PRTC|PRTC_Thermo,773816000,LTILEELR,SS01.raw
qc|PRTC|PRTC_Thermo,807558016,LTILEELR,SS02.raw
qc|PRTC|PRTC_Thermo,1255430016,LTILEELR,SS03.raw
qc|PRTC|PRTC_Thermo,1344965376,LTILEELR,SS04.raw
qc|PRTC|PRTC_Thermo,1764087552,LTILEELR,SS05.raw
qc|PRTC|PRTC_Thermo,539122432,LTILEELR,SS06.raw
qc|PRTC|PRTC_Thermo,672990464,LTILEELR,SS07.raw
qc|PRTC|PRTC_Thermo,537314112,LTILEELR,SS08.raw
qc|PRTC|PRTC_Thermo,635476352,LTILEELR,SS09.raw
qc|PRTC|PRTC_Thermo,472122688,LTILEELR,SS10.raw
qc|PRTC|PRTC_Thermo,518482560,LTILEELR,SS11.raw
qc|PRTC|PRTC_Thermo,428197120,LTILEELR,SS12.raw
qc|PRTC|PRTC_Thermo,504504480,LTILEELR,SS13.raw
qc|PRTC|PRTC_Thermo,546118400,LTILEELR,SS14.raw
qc|PRTC|PRTC_Thermo,512409408,LTILEELR,SS15.raw
qc|PRTC|PRTC_Thermo,450150208,LTILEELR,SS16.raw
qc|PRTC|PRTC_Thermo,379773248,LTILEELR,SS17.raw
qc|PRTC|PRTC_Thermo,1565347712,LTILEELR,SS18.raw
qc|PRTC|PRTC_Thermo,1629293440,LTILEELR,SS19.raw
qc|PRTC|PRTC_Thermo,1601210368,LTILEELR,SS20.raw
qc|PRTC|PRTC_Thermo,1677261312,LTILEELR,SS21.raw
qc|PRTC|PRTC_Thermo,1003249472,LTILEELR,SS22.raw
qc|PRTC|PRTC_Thermo,1331708544,LTILEELR,SS23.raw
qc|PRTC|PRTC_Thermo,1335248384,LTILEELR,SS24.raw
qc|PRTC|PRTC_Thermo,1385394560,LTILEELR,SS25.raw
qc|PRTC|PRTC_Thermo,1450297856,LTILEELR,SS26.raw
qc|PRTC|PRTC_Thermo,1442526848,LTILEELR,SS27.raw
qc|PRTC|PRTC_Thermo,1189510656,LTILEELR,SS28.raw
qc|PRTC|PRTC_Thermo,1162347264,LTILEELR,SS29.raw
qc|PRTC|PRTC_Thermo,1567249280,LTILEELR,SS30.raw
qc|PRTC|PRTC_Thermo,1158265984,LTILEELR,SS31.raw
qc|PRTC|PRTC_Thermo,1450377600,LTILEELR,SS32.raw
qc|PRTC|PRTC_Thermo,1218198400,LTILEELR,SS33.raw
qc|PRTC|PRTC_Thermo,1382005248,LTILEELR,SS34.raw
qc|PRTC|PRTC_Thermo,1066942528,LTILEELR,SS35.raw
qc|PRTC|PRTC_Thermo,1179452544,LTILEELR,SS36.raw
qc|PRTC|PRTC_Thermo,1324224768,LTILEELR,SS37.raw
qc|PRTC|PRTC_Thermo,742318080,LTILEELR,SS38.raw
qc|PRTC|PRTC_Thermo,804266880,LTILEELR,SS39.raw
qc|PRTC|PRTC_Thermo,857521920,LTILEELR,SS40.raw
qc|PRTC|PRTC_Thermo,844943232,LTILEELR,SS41.raw
qc|PRTC|PRTC_Thermo,1067125568,LTILEELR,SS42.raw
qc|PRTC|PRTC_Thermo,1185431680,LTILEELR,SS43.raw
qc|PRTC|PRTC_Thermo,1215002112,LTILEELR,SS44.raw
qc|PRTC|PRTC_Thermo,1303046016,LTILEELR,SS45.raw
qc|PRTC|PRTC_Thermo,1238641024,LTILEELR,SS46.raw
qc|PRTC|PRTC_Thermo,1338519424,LTILEELR,SS47.raw
qc|PRTC|PRTC_Thermo,1397923712,LTILEELR,SS48.raw
qc|PRTC|PRTC_Thermo,1823061504,NGFILDGFPR,SS01.raw
qc|PRTC|PRTC_Thermo,1891990272,NGFILDGFPR,SS02.raw
qc|PRTC|PRTC_Thermo,1752036096,NGFILDGFPR,SS03.raw
qc|PRTC|PRTC_Thermo,1915901312,NGFILDGFPR,SS04.raw
qc|PRTC|PRTC_Thermo,2462585344,NGFILDGFPR,SS05.raw
qc|PRTC|PRTC_Thermo,722121024,NGFILDGFPR,SS06.raw
qc|PRTC|PRTC_Thermo,932583424,NGFILDGFPR,SS07.raw
qc|PRTC|PRTC_Thermo,712523072,NGFILDGFPR,SS08.raw
qc|PRTC|PRTC_Thermo,896907712,NGFILDGFPR,SS09.raw
qc|PRTC|PRTC_Thermo,753566464,NGFILDGFPR,SS10.raw
qc|PRTC|PRTC_Thermo,779859968,NGFILDGFPR,SS11.raw
qc|PRTC|PRTC_Thermo,559811840,NGFILDGFPR,SS12.raw
qc|PRTC|PRTC_Thermo,590050368,NGFILDGFPR,SS13.raw
qc|PRTC|PRTC_Thermo,816239488,NGFILDGFPR,SS14.raw
qc|PRTC|PRTC_Thermo,554989568,NGFILDGFPR,SS15.raw
qc|PRTC|PRTC_Thermo,670181504,NGFILDGFPR,SS16.raw
qc|PRTC|PRTC_Thermo,589920320,NGFILDGFPR,SS17.raw
qc|PRTC|PRTC_Thermo,2577393152,NGFILDGFPR,SS18.raw
qc|PRTC|PRTC_Thermo,2335853568,NGFILDGFPR,SS19.raw
qc|PRTC|PRTC_Thermo,2513345280,NGFILDGFPR,SS20.raw
qc|PRTC|PRTC_Thermo,2331794944,NGFILDGFPR,SS21.raw
qc|PRTC|PRTC_Thermo,1301349120,NGFILDGFPR,SS22.raw
qc|PRTC|PRTC_Thermo,1603305216,NGFILDGFPR,SS23.raw
qc|PRTC|PRTC_Thermo,1603069056,NGFILDGFPR,SS24.raw
qc|PRTC|PRTC_Thermo,1685176960,NGFILDGFPR,SS25.raw
qc|PRTC|PRTC_Thermo,1663726336,NGFILDGFPR,SS26.raw
qc|PRTC|PRTC_Thermo,1293936384,NGFILDGFPR,SS27.raw
qc|PRTC|PRTC_Thermo,1440737920,NGFILDGFPR,SS28.raw
qc|PRTC|PRTC_Thermo,1337803520,NGFILDGFPR,SS29.raw
qc|PRTC|PRTC_Thermo,1723543424,NGFILDGFPR,SS30.raw
qc|PRTC|PRTC_Thermo,1384940032,NGFILDGFPR,SS31.raw
qc|PRTC|PRTC_Thermo,1591212288,NGFILDGFPR,SS32.raw
qc|PRTC|PRTC_Thermo,1522796800,NGFILDGFPR,SS33.raw
qc|PRTC|PRTC_Thermo,1709664128,NGFILDGFPR,SS34.raw
qc|PRTC|PRTC_Thermo,1379327616,NGFILDGFPR,SS35.raw
qc|PRTC|PRTC_Thermo,1685938176,NGFILDGFPR,SS36.raw
qc|PRTC|PRTC_Thermo,1383343104,NGFILDGFPR,SS37.raw
qc|PRTC|PRTC_Thermo,1309822336,NGFILDGFPR,SS38.raw
qc|PRTC|PRTC_Thermo,1283710976,NGFILDGFPR,SS39.raw
qc|PRTC|PRTC_Thermo,1408424320,NGFILDGFPR,SS40.raw
qc|PRTC|PRTC_Thermo,1312138496,NGFILDGFPR,SS41.raw
qc|PRTC|PRTC_Thermo,1563325056,NGFILDGFPR,SS42.raw
qc|PRTC|PRTC_Thermo,1955292032,NGFILDGFPR,SS43.raw
qc|PRTC|PRTC_Thermo,2176684032,NGFILDGFPR,SS44.raw
qc|PRTC|PRTC_Thermo,2067200384,NGFILDGFPR,SS45.raw
qc|PRTC|PRTC_Thermo,1868280576,NGFILDGFPR,SS46.raw
qc|PRTC|PRTC_Thermo,2084025088,NGFILDGFPR,SS47.raw
qc|PRTC|PRTC_Thermo,2118099712,NGFILDGFPR,SS48.raw
qc|PRTC|PRTC_Thermo,1092922880,ELASGLSFPVGFK,SS01.raw
qc|PRTC|PRTC_Thermo,1137950976,ELASGLSFPVGFK,SS02.raw
qc|PRTC|PRTC_Thermo,1328182784,ELASGLSFPVGFK,SS03.raw
qc|PRTC|PRTC_Thermo,1287066624,ELASGLSFPVGFK,SS04.raw
qc|PRTC|PRTC_Thermo,1582194304,ELASGLSFPVGFK,SS05.raw
qc|PRTC|PRTC_Thermo,465399680,ELASGLSFPVGFK,SS06.raw
qc|PRTC|PRTC_Thermo,600798656,ELASGLSFPVGFK,SS07.raw
qc|PRTC|PRTC_Thermo,431387328,ELASGLSFPVGFK,SS08.raw
qc|PRTC|PRTC_Thermo,492460576,ELASGLSFPVGFK,SS09.raw
qc|PRTC|PRTC_Thermo,540962880,ELASGLSFPVGFK,SS10.raw
qc|PRTC|PRTC_Thermo,522145152,ELASGLSFPVGFK,SS11.raw
qc|PRTC|PRTC_Thermo,337288064,ELASGLSFPVGFK,SS12.raw
qc|PRTC|PRTC_Thermo,433742848,ELASGLSFPVGFK,SS13.raw
qc|PRTC|PRTC_Thermo,458832608,ELASGLSFPVGFK,SS14.raw
qc|PRTC|PRTC_Thermo,413842016,ELASGLSFPVGFK,SS15.raw
qc|PRTC|PRTC_Thermo,332226336,ELASGLSFPVGFK,SS16.raw
qc|PRTC|PRTC_Thermo,380802496,ELASGLSFPVGFK,SS17.raw
qc|PRTC|PRTC_Thermo,1621799680,ELASGLSFPVGFK,SS18.raw
qc|PRTC|PRTC_Thermo,1767117568,ELASGLSFPVGFK,SS19.raw
qc|PRTC|PRTC_Thermo,1530107776,ELASGLSFPVGFK,SS20.raw
qc|PRTC|PRTC_Thermo,1482709248,ELASGLSFPVGFK,SS21.raw
qc|PRTC|PRTC_Thermo,1033253504,ELASGLSFPVGFK,SS22.raw
qc|PRTC|PRTC_Thermo,1338250240,ELASGLSFPVGFK,SS23.raw
qc|PRTC|PRTC_Thermo,1426327424,ELASGLSFPVGFK,SS24.raw
qc|PRTC|PRTC_Thermo,1391265792,ELASGLSFPVGFK,SS25.raw
qc|PRTC|PRTC_Thermo,988299904,ELASGLSFPVGFK,SS26.raw
qc|PRTC|PRTC_Thermo,1045078976,ELASGLSFPVGFK,SS27.raw
qc|PRTC|PRTC_Thermo,1050737152,ELASGLSFPVGFK,SS28.raw
qc|PRTC|PRTC_Thermo,1101300864,ELASGLSFPVGFK,SS29.raw
qc|PRTC|PRTC_Thermo,1380757120,ELASGLSFPVGFK,SS30.raw
qc|PRTC|PRTC_Thermo,1045555520,ELASGLSFPVGFK,SS31.raw
qc|PRTC|PRTC_Thermo,752652800,ELASGLSFPVGFK,SS32.raw
qc|PRTC|PRTC_Thermo,997599296,ELASGLSFPVGFK,SS33.raw
qc|PRTC|PRTC_Thermo,1178243584,ELASGLSFPVGFK,SS34.raw
qc|PRTC|PRTC_Thermo,854395328,ELASGLSFPVGFK,SS35.raw
qc|PRTC|PRTC_Thermo,1153711104,ELASGLSFPVGFK,SS36.raw
qc|PRTC|PRTC_Thermo,955406848,ELASGLSFPVGFK,SS37.raw
qc|PRTC|PRTC_Thermo,895788224,ELASGLSFPVGFK,SS38.raw
qc|PRTC|PRTC_Thermo,990528384,ELASGLSFPVGFK,SS39.raw
qc|PRTC|PRTC_Thermo,1098700544,ELASGLSFPVGFK,SS40.raw
qc|PRTC|PRTC_Thermo,986343424,ELASGLSFPVGFK,SS41.raw
qc|PRTC|PRTC_Thermo,1175838720,ELASGLSFPVGFK,SS42.raw
qc|PRTC|PRTC_Thermo,1506618880,ELASGLSFPVGFK,SS43.raw
qc|PRTC|PRTC_Thermo,1634530816,ELASGLSFPVGFK,SS44.raw
qc|PRTC|PRTC_Thermo,1605964160,ELASGLSFPVGFK,SS45.raw
qc|PRTC|PRTC_Thermo,1559271424,ELASGLSFPVGFK,SS46.raw
qc|PRTC|PRTC_Thermo,1590690560,ELASGLSFPVGFK,SS47.raw
qc|PRTC|PRTC_Thermo,1583132928,ELASGLSFPVGFK,SS48.raw
qc|PRTC|PRTC_Thermo,265735616,LSSEAPALFQFDLK,SS01.raw
qc|PRTC|PRTC_Thermo,316645632,LSSEAPALFQFDLK,SS02.raw
qc|PRTC|PRTC_Thermo,365477568,LSSEAPALFQFDLK,SS03.raw
qc|PRTC|PRTC_Thermo,398538496,LSSEAPALFQFDLK,SS04.raw
qc|PRTC|PRTC_Thermo,515779200,LSSEAPALFQFDLK,SS05.raw
qc|PRTC|PRTC_Thermo,133633328,LSSEAPALFQFDLK,SS06.raw
qc|PRTC|PRTC_Thermo,153719952,LSSEAPALFQFDLK,SS07.raw
qc|PRTC|PRTC_Thermo,130116480,LSSEAPALFQFDLK,SS08.raw
qc|PRTC|PRTC_Thermo,132810464,LSSEAPALFQFDLK,SS09.raw
qc|PRTC|PRTC_Thermo,135729824,LSSEAPALFQFDLK,SS10.raw
qc|PRTC|PRTC_Thermo,136940368,LSSEAPALFQFDLK,SS11.raw
qc|PRTC|PRTC_Thermo,86921456,LSSEAPALFQFDLK,SS12.raw
qc|PRTC|PRTC_Thermo,99656520,LSSEAPALFQFDLK,SS13.raw
qc|PRTC|PRTC_Thermo,107219360,LSSEAPALFQFDLK,SS14.raw
qc|PRTC|PRTC_Thermo,93539624,LSSEAPALFQFDLK,SS15.raw
qc|PRTC|PRTC_Thermo,84174032,LSSEAPALFQFDLK,SS16.raw
qc|PRTC|PRTC_Thermo,64595864,LSSEAPALFQFDLK,SS17.raw
qc|PRTC|PRTC_Thermo,388835296,LSSEAPALFQFDLK,SS18.raw
qc|PRTC|PRTC_Thermo,368493536,LSSEAPALFQFDLK,SS19.raw
qc|PRTC|PRTC_Thermo,377434240,LSSEAPALFQFDLK,SS20.raw
qc|PRTC|PRTC_Thermo,338226080,LSSEAPALFQFDLK,SS21.raw
qc|PRTC|PRTC_Thermo,141289248,LSSEAPALFQFDLK,SS22.raw
qc|PRTC|PRTC_Thermo,233008000,LSSEAPALFQFDLK,SS23.raw
qc|PRTC|PRTC_Thermo,295839584,LSSEAPALFQFDLK,SS24.raw
qc|PRTC|PRTC_Thermo,299473984,LSSEAPALFQFDLK,SS25.raw
qc|PRTC|PRTC_Thermo,297651104,LSSEAPALFQFDLK,SS26.raw
qc|PRTC|PRTC_Thermo,214446352,LSSEAPALFQFDLK,SS27.raw
qc|PRTC|PRTC_Thermo,238326496,LSSEAPALFQFDLK,SS28.raw
qc|PRTC|PRTC_Thermo,208806912,LSSEAPALFQFDLK,SS29.raw
qc|PRTC|PRTC_Thermo,302090464,LSSEAPALFQFDLK,SS30.raw
qc|PRTC|PRTC_Thermo,194675168,LSSEAPALFQFDLK,SS31.raw
qc|PRTC|PRTC_Thermo,180619328,LSSEAPALFQFDLK,SS32.raw
qc|PRTC|PRTC_Thermo,247908608,LSSEAPALFQFDLK,SS33.raw
qc|PRTC|PRTC_Thermo,231031888,LSSEAPALFQFDLK,SS34.raw
qc|PRTC|PRTC_Thermo,180902112,LSSEAPALFQFDLK,SS35.raw
qc|PRTC|PRTC_Thermo,213162560,LSSEAPALFQFDLK,SS36.raw
qc|PRTC|PRTC_Thermo,205937728,LSSEAPALFQFDLK,SS37.raw
qc|PRTC|PRTC_Thermo,154697120,LSSEAPALFQFDLK,SS38.raw
qc|PRTC|PRTC_Thermo,161298752,LSSEAPALFQFDLK,SS39.raw
qc|PRTC|PRTC_Thermo,261496624,LSSEAPALFQFDLK,SS40.raw
qc|PRTC|PRTC_Thermo,259408192,LSSEAPALFQFDLK,SS41.raw
qc|PRTC|PRTC_Thermo,262898176,LSSEAPALFQFDLK,SS42.raw
qc|PRTC|PRTC_Thermo,326955104,LSSEAPALFQFDLK,SS43.raw
qc|PRTC|PRTC_Thermo,359049440,LSSEAPALFQFDLK,SS44.raw
qc|PRTC|PRTC_Thermo,358616672,LSSEAPALFQFDLK,SS45.raw
qc|PRTC|PRTC_Thermo,338912320,LSSEAPALFQFDLK,SS46.raw
qc|PRTC|PRTC_Thermo,350872000,LSSEAPALFQFDLK,SS47.raw
qc|PRTC|PRTC_Thermo,321985056,LSSEAPALFQFDLK,SS48.raw
sp|P02769|ALBU_BOVIN,2168779008,LVNELTEFAK,SS01.raw
sp|P02769|ALBU_BOVIN,2146986880,LVNELTEFAK,SS02.raw
sp|P02769|ALBU_BOVIN,2446027776,LVNELTEFAK,SS03.raw
sp|P02769|ALBU_BOVIN,2614477568,LVNELTEFAK,SS04.raw
sp|P02769|ALBU_BOVIN,3406536192,LVNELTEFAK,SS05.raw
sp|P02769|ALBU_BOVIN,941223104,LVNELTEFAK,SS06.raw
sp|P02769|ALBU_BOVIN,1122593280,LVNELTEFAK,SS07.raw
sp|P02769|ALBU_BOVIN,978940224,LVNELTEFAK,SS08.raw
sp|P02769|ALBU_BOVIN,1116298240,LVNELTEFAK,SS09.raw
sp|P02769|ALBU_BOVIN,826865024,LVNELTEFAK,SS10.raw
sp|P02769|ALBU_BOVIN,966882688,LVNELTEFAK,SS11.raw
sp|P02769|ALBU_BOVIN,760944064,LVNELTEFAK,SS12.raw
sp|P02769|ALBU_BOVIN,882382784,LVNELTEFAK,SS13.raw
sp|P02769|ALBU_BOVIN,994918912,LVNELTEFAK,SS14.raw
sp|P02769|ALBU_BOVIN,836427328,LVNELTEFAK,SS15.raw
sp|P02769|ALBU_BOVIN,781720256,LVNELTEFAK,SS16.raw
sp|P02769|ALBU_BOVIN,723034368,LVNELTEFAK,SS17.raw
sp|P02769|ALBU_BOVIN,3532946688,LVNELTEFAK,SS18.raw
sp|P02769|ALBU_BOVIN,3267607552,LVNELTEFAK,SS19.raw
sp|P02769|ALBU_BOVIN,2870829824,LVNELTEFAK,SS20.raw
sp|P02769|ALBU_BOVIN,2843780608,LVNELTEFAK,SS21.raw
sp|P02769|ALBU_BOVIN,1873741184,LVNELTEFAK,SS22.raw
sp|P02769|ALBU_BOVIN,1966111744,LVNELTEFAK,SS23.raw
sp|P02769|ALBU_BOVIN,1958538368,LVNELTEFAK,SS24.raw
sp|P02769|ALBU_BOVIN,2056531712,LVNELTEFAK,SS25.raw
sp|P02769|ALBU_BOVIN,1674053888,LVNELTEFAK,SS26.raw
sp|P02769|ALBU_BOVIN,1814766080,LVNELTEFAK,SS27.raw
sp|P02769|ALBU_BOVIN,1725696768,LVNELTEFAK,SS28.raw
sp|P02769|ALBU_BOVIN,1729314688,LVNELTEFAK,SS29.raw
sp|P02769|ALBU_BOVIN,1996786432,LVNELTEFAK,SS30.raw
sp|P02769|ALBU_BOVIN,1773920896,LVNELTEFAK,SS31.raw
sp|P02769|ALBU_BOVIN,1902102016,LVNELTEFAK,SS32.raw
sp|P02769|ALBU_BOVIN,1776228096,LVNELTEFAK,SS33.raw
sp|P02769|ALBU_BOVIN,1808861696,LVNELTEFAK,SS34.raw
sp|P02769|ALBU_BOVIN,1647907584,LVNELTEFAK,SS35.raw
sp|P02769|ALBU_BOVIN,1959890432,LVNELTEFAK,SS36.raw
sp|P02769|ALBU_BOVIN,1812926208,LVNELTEFAK,SS37.raw
sp|P02769|ALBU_BOVIN,1591636352,LVNELTEFAK,SS38.raw
sp|P02769|ALBU_BOVIN,1339453952,LVNELTEFAK,SS39.raw
sp|P02769|ALBU_BOVIN,1454264960,LVNELTEFAK,SS40.raw
sp|P02769|ALBU_BOVIN,1290257664,LVNELTEFAK,SS41.raw
sp|P02769|ALBU_BOVIN,2035500160,LVNELTEFAK,SS42.raw
sp|P02769|ALBU_BOVIN,2342738688,LVNELTEFAK,SS43.raw
sp|P02769|ALBU_BOVIN,2772773888,LVNELTEFAK,SS44.raw
sp|P02769|ALBU_BOVIN,2527290368,LVNELTEFAK,SS45.raw
sp|P02769|ALBU_BOVIN,2580974848,LVNELTEFAK,SS46.raw
sp|P02769|ALBU_BOVIN,2982829824,LVNELTEFAK,SS47.raw
sp|P02769|ALBU_BOVIN,2952259328,LVNELTEFAK,SS48.raw
sp|P02769|ALBU_BOVIN,216985440,ATEEQLK,SS01.raw
sp|P02769|ALBU_BOVIN,250528000,ATEEQLK,SS02.raw
sp|P02769|ALBU_BOVIN,279688384,ATEEQLK,SS03.raw
sp|P02769|ALBU_BOVIN,268815168,ATEEQLK,SS04.raw
sp|P02769|ALBU_BOVIN,461261888,ATEEQLK,SS05.raw
sp|P02769|ALBU_BOVIN,162169744,ATEEQLK,SS06.raw
sp|P02769|ALBU_BOVIN,185204768,ATEEQLK,SS07.raw
sp|P02769|ALBU_BOVIN,162522592,ATEEQLK,SS08.raw
sp|P02769|ALBU_BOVIN,147650752,ATEEQLK,SS09.raw
sp|P02769|ALBU_BOVIN,140891456,ATEEQLK,SS10.raw
sp|P02769|ALBU_BOVIN,147184992,ATEEQLK,SS11.raw
sp|P02769|ALBU_BOVIN,143464704,ATEEQLK,SS12.raw
sp|P02769|ALBU_BOVIN,124767520,ATEEQLK,SS13.raw
sp|P02769|ALBU_BOVIN,143967232,ATEEQLK,SS14.raw
sp|P02769|ALBU_BOVIN,138603760,ATEEQLK,SS15.raw
sp|P02769|ALBU_BOVIN,111592688,ATEEQLK,SS16.raw
sp|P02769|ALBU_BOVIN,103415712,ATEEQLK,SS17.raw
sp|P02769|ALBU_BOVIN,537011008,ATEEQLK,SS18.raw
sp|P02769|ALBU_BOVIN,502183488,ATEEQLK,SS19.raw
sp|P02769|ALBU_BOVIN,463857216,ATEEQLK,SS20.raw
sp|P02769|ALBU_BOVIN,446038496,ATEEQLK,SS21.raw
sp|P02769|ALBU_BOVIN,247171936,ATEEQLK,SS22.raw
sp|P02769|ALBU_BOVIN,245519200,ATEEQLK,SS23.raw
sp|P02769|ALBU_BOVIN,273236288,ATEEQLK,SS24.raw
sp|P02769|ALBU_BOVIN,299515328,ATEEQLK,SS25.raw
sp|P02769|ALBU_BOVIN,245524912,ATEEQLK,SS26.raw
sp|P02769|ALBU_BOVIN,257491104,ATEEQLK,SS27.raw
sp|P02769|ALBU_BOVIN,232867856,ATEEQLK,SS28.raw
sp|P02769|ALBU_BOVIN,257792400,ATEEQLK,SS29.raw
sp|P02769|ALBU_BOVIN,240741200,ATEEQLK,SS30.raw
sp|P02769|ALBU_BOVIN,234021264,ATEEQLK,SS31.raw
sp|P02769|ALBU_BOVIN,242192320,ATEEQLK,SS32.raw
sp|P02769|ALBU_BOVIN,215755360,ATEEQLK,SS33.raw
sp|P02769|ALBU_BOVIN,234755744,ATEEQLK,SS34.raw
sp|P02769|ALBU_BOVIN,245286016,ATEEQLK,SS35.raw
sp|P02769|ALBU_BOVIN,253802432,ATEEQLK,SS36.raw
sp|P02769|ALBU_BOVIN,277459808,ATEEQLK,SS37.raw
sp|P02769|ALBU_BOVIN,218556768,ATEEQLK,SS38.raw
sp|P02769|ALBU_BOVIN,201066208,ATEEQLK,SS39.raw
sp|P02769|ALBU_BOVIN,234020512,ATEEQLK,SS40.raw
sp|P02769|ALBU_BOVIN,219569856,ATEEQLK,SS41.raw
sp|P02769|ALBU_BOVIN,279769152,ATEEQLK,SS42.raw
sp|P02769|ALBU_BOVIN,295594304,ATEEQLK,SS43.raw
sp|P02769|ALBU_BOVIN,317656704,ATEEQLK,SS44.raw
sp|P02769|ALBU_BOVIN,322237152,ATEEQLK,SS45.raw
sp|P02769|ALBU_BOVIN,322352608,ATEEQLK,SS46.raw
sp|P02769|ALBU_BOVIN,363126688,ATEEQLK,SS47.raw
sp|P02769|ALBU_BOVIN,322569920,ATEEQLK,SS48.raw
